crate	version	layer	git_repo	source_files	source_loc	inbound_rsomics_dependents	inbound_target_family_count	inbound_target_families	has_tests	has_compat	has_benches	has_origin	upstream_families	upstream_mentions	area_provisional	target_family_provisional	target_kind_provisional	routing_confidence	suggested_action_provisional	manifest_error
rsomics-aa-code	0.1.0	B	True	3	257	0	0		True	True	True	True	biopython	biopython	sequence-utilities	rsomics-seq	product	high	merge-into:rsomics-seq	-
rsomics-adf-test	0.1.2	B	True	6	866	0	0		True	True	True	True	statsmodels	statsmodels	statistics	rsomics-stats	capability-pool	high	merge-or-core-review	-
rsomics-aitchison-ops	0.1.2	B	True	4	781	0	0		True	True	True	True	scikit-bio	scikit-bio|biopython	compositional	rsomics-composition	product	high	merge-into:rsomics-composition	-
rsomics-alexandergovern	0.1.0	B	True	7	602	0	0		True	True	True	True	scipy	scipy	statistics	rsomics-stats	capability-pool	high	merge-or-core-review	-
rsomics-align-core	0.2.0	A	True	1	318	1	1	rsomics-seq	False	False	False	False			foundation	rsomics-align-core	foundation	high	internalize-or-merge-review	-
rsomics-align-score	0.1.2	B	True	3	184	0	0		True	True	True	True	biopython|emboss	biopython|emboss	sequence-utilities	rsomics-seq	product	high	merge-into:rsomics-seq	-
rsomics-alignment-sieve	0.1.1	B	True	3	341	0	0		True	True	True	True	deeptools	samtools|deeptools	epigenomic-signal	rsomics-signal	product	high	merge-into:rsomics-signal	-
rsomics-alpha-diversity	0.4.2	B	True	4	1715	0	0		True	True	True	True	scikit-bio	scipy|scikit-bio|biopython	ecology	rsomics-ecology	product	high	merge-into:rsomics-ecology	-
rsomics-alr	0.1.1	B	True	4	610	0	0		True	True	True	True	scikit-bio	scikit-bio|biopython	compositional	rsomics-composition	product	high	merge-into:rsomics-composition	-
rsomics-ancom	0.1.2	B	True	5	966	0	0		True	True	True	True	scikit-bio	scipy|scikit-bio|statsmodels|biopython	compositional	rsomics-composition	product	high	merge-into:rsomics-composition	-
rsomics-anderson-darling	0.1.2	B	True	8	1393	0	0		True	True	True	True	scipy	scipy	statistics	rsomics-stats	capability-pool	high	merge-or-core-review	-
rsomics-anosim	0.1.4	B	True	5	565	0	0		True	True	True	True	scikit-bio	scipy|scikit-bio	ecology	rsomics-ecology	product	high	merge-into:rsomics-ecology	-
rsomics-ansari	0.1.1	B	True	7	897	0	0		True	True	True	True	scipy	scipy	statistics	rsomics-stats	capability-pool	high	merge-or-core-review	-
rsomics-association	0.1.0	B	True	5	544	0	0		True	True	True	True	scipy	scipy	statistics	rsomics-stats	capability-pool	high	merge-or-core-review	-
rsomics-atac-shift	0.1.1	B	True	3	567	0	0		True	True	True	True	samtools|deeptools	samtools|deeptools	epigenomic-signal	rsomics-signal	product	high	merge-into:rsomics-signal	-
rsomics-autocorrelation	0.1.0	B	True	12	1879	0	0		True	True	True	True	statsmodels	scipy|statsmodels	statistics	rsomics-stats	capability-pool	high	merge-or-core-review	-
rsomics-avelogcpm	0.1.2	B	True	3	442	0	0		True	True	True	True	edger	edger	bulk-expression	rsomics-edger	product	high	merge-into:rsomics-edger	-
rsomics-average-degree-connectivity	0.1.2	B	True	3	242	0	0		True	True	True	True	networkx	networkx	graph-algorithms	rsomics-graph	capability-pool	high	merge-or-core-review	-
rsomics-average-neighbor-degree	0.1.2	B	True	2	187	0	0		True	True	True	True	networkx	networkx	graph-algorithms	rsomics-graph	capability-pool	high	merge-or-core-review	-
rsomics-bam-addreplacerg	0.1.1	B	True	3	539	0	0		True	True	True	False	samtools	samtools	alignment-formats	rsomics-bam	product	high	merge-into:rsomics-bam	-
rsomics-bam-ampliconclip	0.1.0	B	True	5	1388	0	0		True	True	True	True	samtools	samtools|fastp	alignment-formats	rsomics-bam	product	high	merge-into:rsomics-bam	-
rsomics-bam-ampliconstats	0.1.0	B	True	6	1810	0	0		True	True	True	True	samtools	samtools	alignment-formats	rsomics-bam	product	high	merge-into:rsomics-bam	-
rsomics-bam-bedcov	0.1.0	B	True	8	619	0	0		True	True	True	True	samtools	samtools	alignment-formats	rsomics-bam	product	high	merge-into:rsomics-bam	-
rsomics-bam-calmd	0.1.0	B	True	7	1180	0	0		True	True	True	True	samtools	samtools	alignment-formats	rsomics-bam	product	high	merge-into:rsomics-bam	-
rsomics-bam-cat	0.1.0	B	True	4	760	0	0		True	True	True	True	samtools	samtools	alignment-formats	rsomics-bam	product	high	merge-into:rsomics-bam	-
rsomics-bam-checksum	0.1.0	B	True	4	816	0	0		True	True	True	True	samtools	samtools	alignment-formats	rsomics-bam	product	high	merge-into:rsomics-bam	-
rsomics-bam-collate	0.1.0	B	True	3	275	0	0		True	True	True	True	samtools	samtools	alignment-formats	rsomics-bam	product	high	merge-into:rsomics-bam	-
rsomics-bam-compare	0.1.4	B	True	8	1134	0	0		True	True	True	True	deeptools	deeptools	epigenomic-signal	rsomics-signal	product	high	merge-into:rsomics-signal	-
rsomics-bam-consensus	0.1.0	B	True	8	790	0	0		True	True	True	True	samtools	samtools	alignment-formats	rsomics-bam	product	high	merge-into:rsomics-bam	-
rsomics-bam-coverage	0.1.1	B	True	3	276	0	0		True	True	True	False	samtools	samtools	alignment-formats	rsomics-bam	product	high	merge-into:rsomics-bam	-
rsomics-bam-depad	0.1.0	B	True	7	1131	0	0		True	True	True	True	samtools	samtools	alignment-formats	rsomics-bam	product	high	merge-into:rsomics-bam	-
rsomics-bam-depth	0.1.2	B	True	3	361	0	0		True	True	True	False	samtools	samtools	alignment-formats	rsomics-bam	product	high	merge-into:rsomics-bam	-
rsomics-bam-dict	0.1.0	B	True	3	203	0	0		True	True	True	True	samtools	samtools	alignment-formats	rsomics-bam	product	high	merge-into:rsomics-bam	-
rsomics-bam-divide	0.1.0	B	True	3	161	0	0		True	True	True	True	rseqc	samtools|rseqc	transcriptomics-qc	rsomics-rnaseq-qc	product	high	merge-into:rsomics-rnaseq-qc	-
rsomics-bam-fasta	0.1.1	B	True	3	221	0	0		True	True	True	False	samtools	samtools	alignment-formats	rsomics-bam	product	high	merge-into:rsomics-bam	-
rsomics-bam-fingerprint	0.1.1	B	True	7	1006	0	0		True	True	True	True	deeptools	deeptools|scipy	epigenomic-signal	rsomics-signal	product	high	merge-into:rsomics-signal	-
rsomics-bam-fixmate	0.1.0	B	True	3	555	0	0		True	True	True	False	samtools	samtools	alignment-formats	rsomics-bam	product	high	merge-into:rsomics-bam	-
rsomics-bam-flags	0.1.1	B	True	3	155	0	0		True	True	True	True	samtools	samtools	alignment-formats	rsomics-bam	product	high	merge-into:rsomics-bam	-
rsomics-bam-flagstat	0.1.1	B	True	3	412	0	0		True	True	True	True	samtools	samtools	alignment-formats	rsomics-bam	product	high	merge-into:rsomics-bam	-
rsomics-bam-head	0.1.0	B	True	4	745	0	0		True	True	True	True	samtools	samtools	alignment-formats	rsomics-bam	product	high	merge-into:rsomics-bam	-
rsomics-bam-idxstats	0.1.1	B	True	3	230	0	0		True	True	True	False	samtools	samtools	alignment-formats	rsomics-bam	product	high	merge-into:rsomics-bam	-
rsomics-bam-import	0.1.0	B	True	7	891	0	0		True	True	True	True	samtools	samtools	alignment-formats	rsomics-bam	product	high	merge-into:rsomics-bam	-
rsomics-bam-index	0.1.0	B	True	3	121	0	0		True	True	True	False	samtools	samtools	alignment-formats	rsomics-bam	product	high	merge-into:rsomics-bam	-
rsomics-bam-junctions	0.1.1	B	True	3	513	0	0		True	True	True	True	rseqc	rseqc	transcriptomics-qc	rsomics-rnaseq-qc	product	high	merge-into:rsomics-rnaseq-qc	-
rsomics-bam-mapstat	0.1.0	B	True	3	211	0	0		True	True	True	True	rseqc	samtools|rseqc	transcriptomics-qc	rsomics-rnaseq-qc	product	high	merge-into:rsomics-rnaseq-qc	-
rsomics-bam-markdup	0.1.1	B	True	4	828	0	0		True	True	True	False	samtools	samtools	alignment-formats	rsomics-bam	product	high	merge-into:rsomics-bam	-
rsomics-bam-merge	0.1.1	B	True	3	259	0	0		True	True	True	False	samtools	samtools	alignment-formats	rsomics-bam	product	high	merge-into:rsomics-bam	-
rsomics-bam-mpileup	0.1.0	B	True	6	778	0	0		True	True	True	True	samtools	samtools|fastp	alignment-formats	rsomics-bam	product	high	merge-into:rsomics-bam	-
rsomics-bam-phase	0.1.0	B	True	9	1355	0	0		True	True	True	True	samtools	samtools	alignment-formats	rsomics-bam	product	high	merge-into:rsomics-bam	-
rsomics-bam-quickcheck	0.1.0	B	True	3	180	0	0		True	True	True	True	samtools	samtools	alignment-formats	rsomics-bam	product	high	merge-into:rsomics-bam	-
rsomics-bam-read-dist	0.1.1	B	True	9	767	0	0		True	True	True	True	rseqc	rseqc	transcriptomics-qc	rsomics-rnaseq-qc	product	high	merge-into:rsomics-rnaseq-qc	-
rsomics-bam-region	0.1.1	B	True	3	205	0	0		True	True	True	False	samtools	samtools	alignment-formats	rsomics-bam	product	high	merge-into:rsomics-bam	-
rsomics-bam-reheader	0.1.0	B	True	4	594	0	0		True	True	True	True	samtools	samtools	alignment-formats	rsomics-bam	product	high	merge-into:rsomics-bam	-
rsomics-bam-reset	0.1.0	B	True	8	853	0	0		True	True	True	True	samtools	samtools	alignment-formats	rsomics-bam	product	high	merge-into:rsomics-bam	-
rsomics-bam-samples	0.1.1	B	True	3	173	0	0		True	True	True	True	samtools	samtools	alignment-formats	rsomics-bam	product	high	merge-into:rsomics-bam	-
rsomics-bam-signal	0.1.4	B	True	3	639	0	0		True	True	True	True	deeptools	deeptools	epigenomic-signal	rsomics-signal	product	high	merge-into:rsomics-signal	-
rsomics-bam-sort	0.1.0	B	True	3	223	0	0		True	True	True	False	samtools	samtools	alignment-formats	rsomics-bam	product	high	merge-into:rsomics-bam	-
rsomics-bam-split	0.1.1	B	True	3	180	0	0		True	True	True	False	samtools	samtools	alignment-formats	rsomics-bam	product	high	merge-into:rsomics-bam	-
rsomics-bam-split-gene	0.1.0	B	True	3	259	0	0		True	True	True	True	rseqc	samtools|rseqc	transcriptomics-qc	rsomics-rnaseq-qc	product	high	merge-into:rsomics-rnaseq-qc	-
rsomics-bam-split-pe	0.1.0	B	True	3	145	0	0		True	True	True	True	rseqc	samtools|rseqc	transcriptomics-qc	rsomics-rnaseq-qc	product	high	merge-into:rsomics-rnaseq-qc	-
rsomics-bam-stats	0.1.2	B	True	3	256	0	0		True	True	True	False	samtools	samtools	alignment-formats	rsomics-bam	product	high	merge-into:rsomics-bam	-
rsomics-bam-strandedness	0.1.2	B	True	6	577	0	0		True	True	True	True	rseqc	rseqc	transcriptomics-qc	rsomics-rnaseq-qc	product	high	merge-into:rsomics-rnaseq-qc	-
rsomics-bam-subsample	0.1.1	B	True	3	179	0	0		True	True	True	False	samtools	samtools	alignment-formats	rsomics-bam	product	high	merge-into:rsomics-bam	-
rsomics-bam-targetcut	0.1.0	B	True	5	1281	0	0		True	True	True	True	samtools	samtools	alignment-formats	rsomics-bam	product	high	merge-into:rsomics-bam	-
rsomics-bam-to-bed	0.1.1	B	True	3	469	0	0		True	True	True	True	bedtools	bedtools	alignment-formats	rsomics-bam	product	high	merge-into:rsomics-bam	-
rsomics-bam-to-fastq	0.1.1	B	True	3	223	0	0		True	True	True	False	samtools	samtools	alignment-formats	rsomics-bam	product	high	merge-into:rsomics-bam	-
rsomics-bam-view	0.1.0	B	True	3	291	0	0		True	True	True	False	samtools	samtools	alignment-formats	rsomics-bam	product	high	merge-into:rsomics-bam	-
rsomics-bamio	0.1.10	A	True	4	1514	70	9	rsomics-bam|rsomics-bed|rsomics-coverage-core|rsomics-methyl|rsomics-peak|rsomics-pileup|rsomics-rnaseq-qc|rsomics-signal|rsomics-vcf	True	False	False	False	samtools	samtools	foundation	rsomics-bamio	foundation	high	keep-core-candidate	-
rsomics-barcode-rank	0.1.1	B	True	3	173	0	0		True	True	True	False			single-cell	rsomics-sc	product	medium	merge-into:rsomics-sc	-
rsomics-barnard-exact	0.1.0	B	True	4	624	0	0		True	True	True	True	scipy	scipy	statistics	rsomics-stats	capability-pool	high	merge-or-core-review	-
rsomics-bartlett-test	0.1.1	B	True	5	617	0	0		True	True	True	True	scipy	scipy	statistics	rsomics-stats	capability-pool	high	merge-or-core-review	-
rsomics-bayes-mvs	0.1.1	B	True	8	2631	0	0		True	True	True	True	scipy	scipy	statistics	rsomics-stats	capability-pool	high	merge-or-core-review	-
rsomics-bbduk	0.1.1	B	True	6	1324	0	0		True	True	True	True	bbduk	bbduk	read-preprocessing	rsomics-fastq-preprocess	product	high	merge-into:rsomics-fastq-preprocess	-
rsomics-bbi	0.1.2	A	True	8	1893	6	1	rsomics-signal	True	False	False	True	deeptools	deeptools	foundation	rsomics-bbi	foundation	high	keep-core-candidate	-
rsomics-bed-annotate	0.1.2	B	True	3	693	0	0		True	True	True	False	bedtools	bedtools	intervals	rsomics-bed	product	high	merge-into:rsomics-bed	-
rsomics-bed-closest	0.1.3	B	True	3	353	0	0		True	True	True	False	bedtools	bedtools	intervals	rsomics-bed	product	high	merge-into:rsomics-bed	-
rsomics-bed-cluster	0.1.1	B	True	3	445	0	0		True	True	True	True	bedtools	bedtools	intervals	rsomics-bed	product	high	merge-into:rsomics-bed	-
rsomics-bed-complement	0.1.3	B	True	3	345	0	0		True	True	True	False	bedtools	bedtools	intervals	rsomics-bed	product	high	merge-into:rsomics-bed	-
rsomics-bed-count	0.1.0	B	True	3	144	0	0		True	True	True	True			intervals	rsomics-bed	product	high	merge-into:rsomics-bed	-
rsomics-bed-coverage	0.1.2	B	True	3	463	0	0		True	True	True	False	bedtools	bedtools	intervals	rsomics-bed	product	high	merge-into:rsomics-bed	-
rsomics-bed-expand	0.1.2	B	True	3	286	0	0		True	True	True	False	bedtools	bedtools	intervals	rsomics-bed	product	high	merge-into:rsomics-bed	-
rsomics-bed-fisher	0.1.0	B	True	3	597	0	0		True	True	True	True	bedtools	bedtools	intervals	rsomics-bed	product	high	merge-into:rsomics-bed	-
rsomics-bed-flank	0.1.3	B	True	3	423	0	0		True	True	True	False	bedtools	bedtools	intervals	rsomics-bed	product	high	merge-into:rsomics-bed	-
rsomics-bed-genomecov	0.1.3	B	True	3	587	0	0		True	True	True	False	bedtools	bedtools	intervals	rsomics-bed	product	high	merge-into:rsomics-bed	-
rsomics-bed-getfasta	0.1.2	B	True	3	327	0	0		True	True	True	False	bedtools	bedtools	intervals	rsomics-bed	product	high	merge-into:rsomics-bed	-
rsomics-bed-groupby	0.1.2	B	True	6	743	0	0		True	True	True	True	bedtools	bedtools	intervals	rsomics-bed	product	high	merge-into:rsomics-bed	-
rsomics-bed-intersect	0.1.3	B	True	3	410	0	0		True	True	True	False	bedtools	bedtools	intervals	rsomics-bed	product	high	merge-into:rsomics-bed	-
rsomics-bed-jaccard	0.1.4	B	True	3	308	0	0		True	True	True	False	bedtools	bedtools	intervals	rsomics-bed	product	high	merge-into:rsomics-bed	-
rsomics-bed-len	0.1.0	B	True	3	197	0	0		True	True	True	True			intervals	rsomics-bed	product	high	merge-into:rsomics-bed	-
rsomics-bed-makewindows	0.1.1	B	True	3	266	0	0		True	True	True	True	bedtools	bedtools	intervals	rsomics-bed	product	high	merge-into:rsomics-bed	-
rsomics-bed-map	0.1.3	B	True	6	768	0	0		True	True	True	False	bedtools	bedtools	intervals	rsomics-bed	product	high	merge-into:rsomics-bed	-
rsomics-bed-maskfasta	0.1.0	B	True	3	349	0	0		True	True	True	False	bedtools	bedtools	intervals	rsomics-bed	product	high	merge-into:rsomics-bed	-
rsomics-bed-merge	0.2.2	B	True	3	311	0	0		True	True	True	False	bedtools	bedtools	intervals	rsomics-bed	product	high	merge-into:rsomics-bed	-
rsomics-bed-midpoint	0.1.1	B	True	3	227	0	0		True	True	True	True			intervals	rsomics-bed	product	high	merge-into:rsomics-bed	-
rsomics-bed-multicov	0.1.1	B	True	3	710	0	0		True	True	True	True	bedtools	bedtools	intervals	rsomics-bed	product	high	merge-into:rsomics-bed	-
rsomics-bed-multiinter	0.1.1	B	True	3	533	0	0		True	True	True	True	bedtools	bedtools	intervals	rsomics-bed	product	high	merge-into:rsomics-bed	-
rsomics-bed-nuc	0.1.2	B	True	3	648	0	0		True	True	True	True	bedtools	bedtools	intervals	rsomics-bed	product	high	merge-into:rsomics-bed	-
rsomics-bed-overlap	0.1.1	B	True	3	386	0	0		True	True	True	True	bedtools	bedtools	intervals	rsomics-bed	product	high	merge-into:rsomics-bed	-
rsomics-bed-random	0.1.0	B	True	3	286	0	0		True	True	True	True	bedtools	bedtools	intervals	rsomics-bed	product	high	merge-into:rsomics-bed	-
rsomics-bed-reldist	0.1.0	B	True	3	329	0	0		True	True	True	True	bedtools	bedtools	intervals	rsomics-bed	product	high	merge-into:rsomics-bed	-
rsomics-bed-sample	0.1.1	B	True	3	336	0	0		True	True	True	True	bedtools	bedtools	intervals	rsomics-bed	product	high	merge-into:rsomics-bed	-
rsomics-bed-shift	0.1.2	B	True	3	361	0	0		True	True	True	True	bedtools	bedtools	intervals	rsomics-bed	product	high	merge-into:rsomics-bed	-
rsomics-bed-shuffle	0.1.2	B	True	3	468	0	0		True	True	True	True	bedtools	bedtools	intervals	rsomics-bed	product	high	merge-into:rsomics-bed	-
rsomics-bed-slop	0.1.2	B	True	3	372	0	0		True	True	True	False	bedtools	bedtools	intervals	rsomics-bed	product	high	merge-into:rsomics-bed	-
rsomics-bed-sort	0.1.1	B	True	3	164	0	0		True	True	True	False	bedtools	bedtools	intervals	rsomics-bed	product	high	merge-into:rsomics-bed	-
rsomics-bed-spacing	0.1.1	B	True	3	313	0	0		True	True	True	True	bedtools	bedtools	intervals	rsomics-bed	product	high	merge-into:rsomics-bed	-
rsomics-bed-split	0.1.1	B	True	3	344	0	0		True	True	True	False	bedtools	bedtools	intervals	rsomics-bed	product	high	merge-into:rsomics-bed	-
rsomics-bed-stats	0.1.0	B	True	3	230	0	0		True	True	True	True	bedtools	bedtools	intervals	rsomics-bed	product	high	merge-into:rsomics-bed	-
rsomics-bed-subtract	0.1.2	B	True	3	322	0	0		True	True	True	False	bedtools	bedtools	intervals	rsomics-bed	product	high	merge-into:rsomics-bed	-
rsomics-bed-summary	0.1.2	B	True	3	424	0	0		True	True	True	False	bedtools	bedtools	intervals	rsomics-bed	product	high	merge-into:rsomics-bed	-
rsomics-bed-to-gff	0.1.0	B	True	3	233	0	0		True	True	True	True	bedtools	bedtools	intervals	rsomics-bed	product	high	merge-into:rsomics-bed	-
rsomics-bed-total-bp	0.1.0	B	True	3	159	0	0		True	True	True	True			intervals	rsomics-bed	product	high	merge-into:rsomics-bed	-
rsomics-bed-unionbedg	0.1.1	B	True	3	489	0	0		True	True	True	True	bedtools	bedtools	intervals	rsomics-bed	product	high	merge-into:rsomics-bed	-
rsomics-bed-unique	0.1.0	B	True	3	187	0	0		True	True	True	True			intervals	rsomics-bed	product	high	merge-into:rsomics-bed	-
rsomics-bed-validate	0.1.0	B	True	3	250	0	0		True	True	True	True			intervals	rsomics-bed	product	high	merge-into:rsomics-bed	-
rsomics-bed-window	0.1.2	B	True	3	459	0	0		True	True	True	False	bedtools	bedtools	intervals	rsomics-bed	product	high	merge-into:rsomics-bed	-
rsomics-bed12-to-bed6	0.1.2	B	True	3	273	0	0		True	True	True	False	bedtools	bedtools	intervals	rsomics-bed	product	high	merge-into:rsomics-bed	-
rsomics-beta-diversity	0.1.3	B	True	4	728	0	0		True	True	True	True	scikit-bio	scipy|scikit-bio|biopython	ecology	rsomics-ecology	product	high	merge-into:rsomics-ecology	-
rsomics-betweenness-centrality	0.1.2	B	True	5	303	0	0		True	True	True	True	networkx	scanpy|networkx	graph-algorithms	rsomics-graph	capability-pool	high	merge-or-core-review	-
rsomics-bgzip	0.1.0	B	True	3	537	0	0		True	True	True	True	tabix|samtools	tabix|samtools	sequence-indexing	rsomics-index	product	high	merge-into:rsomics-index	-
rsomics-biconnectivity	0.1.1	B	True	2	534	0	0		True	True	True	True	networkx	networkx	graph-algorithms	rsomics-graph	capability-pool	high	merge-or-core-review	-
rsomics-bigwig-average	0.1.1	B	True	3	358	0	0		True	True	True	True	deeptools	deeptools	epigenomic-signal	rsomics-signal	product	high	merge-into:rsomics-signal	-
rsomics-bigwig-compare	0.1.3	B	True	6	823	0	0		True	True	True	True	deeptools	deeptools	epigenomic-signal	rsomics-signal	product	high	merge-into:rsomics-signal	-
rsomics-binned-statistic	0.1.1	B	True	6	848	0	0		True	True	True	True	scipy	scipy	statistics	rsomics-stats	capability-pool	high	merge-or-core-review	-
rsomics-binned-statistic-2d	0.1.0	B	True	6	910	0	0		True	True	True	True	scipy	scipy	statistics	rsomics-stats	capability-pool	high	merge-or-core-review	-
rsomics-binom-test	0.1.0	B	True	5	1119	0	0		True	True	True	True	scipy	scipy	statistics	rsomics-stats	capability-pool	high	merge-or-core-review	-
rsomics-bioenv	0.1.4	B	True	4	686	0	0		True	True	True	True	scikit-bio	scipy|scikit-bio|biopython	ecology	rsomics-ecology	product	high	merge-into:rsomics-ecology	-
rsomics-bipartite-clustering	0.1.2	B	True	5	652	0	0		True	True	True	True	networkx	networkx	graph-algorithms	rsomics-graph	capability-pool	high	merge-or-core-review	-
rsomics-boschloo-exact	0.1.1	B	True	5	607	0	0		True	True	True	True	scipy	scipy	statistics	rsomics-stats	capability-pool	high	merge-or-core-review	-
rsomics-boxcox	0.1.0	B	True	9	1033	0	0		True	True	True	True	scipy	scipy	statistics	rsomics-stats	capability-pool	high	merge-or-core-review	-
rsomics-brunner-munzel	0.1.0	B	True	6	968	0	0		True	True	True	True	scipy	scipy	statistics	rsomics-stats	capability-pool	high	merge-or-core-review	-
rsomics-cai	0.1.1	B	True	5	557	0	0		True	True	True	True	biopython	biopython	sequence-utilities	rsomics-seq	product	high	merge-into:rsomics-seq	-
rsomics-cca	0.1.2	B	True	6	1033	0	0		True	True	True	True	scikit-bio	scipy|scikit-bio|biopython	ecology	rsomics-ecology	product	high	merge-into:rsomics-ecology	-
rsomics-cell-filter	0.1.1	B	True	3	197	0	0		True	True	True	False			single-cell	rsomics-sc	product	medium	merge-into:rsomics-sc	-
rsomics-chi-square	0.1.1	B	True	6	808	0	0		True	True	True	True	scipy	scipy	statistics	rsomics-stats	capability-pool	high	merge-or-core-review	-
rsomics-chips	0.1.0	B	False	8	821	0	0		True	True	True	True	emboss	emboss	sequence-utilities	rsomics-seq	product	high	merge-into:rsomics-seq	-
rsomics-chordal	0.1.1	B	True	5	434	0	0		True	True	True	True	networkx	networkx	graph-algorithms	rsomics-graph	capability-pool	high	merge-or-core-review	-
rsomics-circmean	0.1.1	B	True	5	413	0	0		True	True	True	True	scipy	scipy	statistics	rsomics-stats	capability-pool	high	merge-or-core-review	-
rsomics-classification-metrics	0.1.0	B	True	7	759	0	0		True	True	True	True	scikit-learn	scikit-learn	machine-learning	rsomics-ml	capability-pool	high	merge-or-core-review	-
rsomics-clipping-profile	0.1.0	B	True	3	474	0	0		True	True	True	True	rseqc	rseqc	transcriptomics-qc	rsomics-rnaseq-qc	product	high	merge-into:rsomics-rnaseq-qc	-
rsomics-cliques	0.1.1	B	True	3	474	0	0		True	True	True	True	networkx	networkx	graph-algorithms	rsomics-graph	capability-pool	high	merge-or-core-review	-
rsomics-closeness-vitality	0.1.1	B	True	4	399	0	0		True	True	True	True	networkx	networkx	graph-algorithms	rsomics-graph	capability-pool	high	merge-or-core-review	-
rsomics-clr	0.2.1	B	True	4	564	0	0		True	True	True	True	scikit-bio	scikit-bio|biopython	compositional	rsomics-composition	product	high	merge-into:rsomics-composition	-
rsomics-clustering-coefficient	0.1.2	B	True	5	423	0	0		True	True	True	True	networkx	networkx	graph-algorithms	rsomics-graph	capability-pool	high	merge-or-core-review	-
rsomics-clustering-metrics	0.1.0	B	True	10	936	0	0		True	True	True	True	scikit-learn	scipy|scikit-learn	machine-learning	rsomics-ml	capability-pool	high	merge-or-core-review	-
rsomics-cmh	0.1.1	B	True	8	1135	0	0		True	True	True	True	statsmodels	scipy|statsmodels	statistics	rsomics-stats	capability-pool	high	merge-or-core-review	-
rsomics-combine-pvalues	0.1.2	B	True	9	1535	0	0		True	True	True	True	scipy	scipy	statistics	rsomics-stats	capability-pool	high	merge-or-core-review	-
rsomics-common	0.6.3	A	True	13	1182	560	48	rsomics-annotation|rsomics-bam|rsomics-bamio|rsomics-bbi|rsomics-bed|rsomics-composition|rsomics-count|rsomics-coverage-core|rsomics-csvio|rsomics-deseq|rsomics-distance|rsomics-ecology|rsomics-edger|rsomics-expression|rsomics-fastq-preprocess|rsomics-fastq-qc|rsomics-fqgz|rsomics-graph|rsomics-image|rsomics-index|rsomics-intervals|rsomics-kmer|rsomics-liftover|rsomics-limma|rsomics-metagenomics|rsomics-methyl|rsomics-minimap2|rsomics-ml|rsomics-model|rsomics-pdb-core|rsomics-peak|rsomics-phylo|rsomics-pileup|rsomics-plink|rsomics-popgen|rsomics-rnaseq-qc|rsomics-sc|rsomics-seq|rsomics-seqio|rsomics-signal|rsomics-sketch|rsomics-stats|rsomics-structure|rsomics-table|rsomics-taxonomy|rsomics-vcf|rsomics-vcf-valfmt|rsomics-workflow	True	False	False	False			foundation	rsomics-common	foundation	high	keep-core-candidate	-
rsomics-compute-gc-bias	0.1.2	B	True	4	688	0	0		True	True	True	True	deeptools	deeptools	epigenomic-signal	rsomics-signal	product	high	merge-into:rsomics-signal	-
rsomics-compute-matrix	0.1.2	B	True	9	1283	0	0		True	True	True	True	deeptools	deeptools	epigenomic-signal	rsomics-signal	product	high	merge-into:rsomics-signal	-
rsomics-condensation	0.1.2	B	True	3	391	0	0		True	True	True	True	networkx	networkx	graph-algorithms	rsomics-graph	capability-pool	high	merge-or-core-review	-
rsomics-connectivity	0.1.1	B	True	5	489	0	0		True	True	True	True	networkx	networkx	graph-algorithms	rsomics-graph	capability-pool	high	merge-or-core-review	-
rsomics-consensus	0.1.1	B	True	3	152	0	0		True	True	True	False	emboss	emboss	sequence-utilities	rsomics-seq	product	high	merge-into:rsomics-seq	-
rsomics-constraint	0.1.2	B	True	2	196	0	0		True	True	False	True	networkx	scipy|networkx	graph-algorithms	rsomics-graph	capability-pool	high	merge-or-core-review	-
rsomics-cophenet	0.1.2	B	True	3	479	0	0		True	True	True	True	scipy	scipy	statistics	rsomics-stats	capability-pool	high	merge-or-core-review	-
rsomics-core-number	0.1.1	B	True	2	267	0	0		True	True	True	True	networkx	networkx	graph-algorithms	rsomics-graph	capability-pool	high	merge-or-core-review	-
rsomics-correct-gc-bias	0.1.2	B	True	5	840	0	0		True	True	True	True	deeptools	deeptools	epigenomic-signal	rsomics-signal	product	high	merge-into:rsomics-signal	-
rsomics-correspondence-analysis	0.1.2	B	True	4	650	0	0		True	True	True	True	scikit-bio	scipy|scikit-bio|biopython	ecology	rsomics-ecology	product	high	merge-into:rsomics-ecology	-
rsomics-count-matrix	0.1.1	B	True	3	161	0	0		True	True	True	False	featurecounts	featurecounts	bulk-expression	rsomics-expression	product	medium	merge-into:rsomics-expression	-
rsomics-coverage-core	0.1.0	A	True	1	183	1	1	rsomics-signal	True	False	False	True	deeptools	deeptools	foundation	rsomics-coverage-core	foundation	high	internalize-or-merge-review	-
rsomics-cpm	0.1.2	B	True	3	394	0	0		True	True	True	True	edger	edger	bulk-expression	rsomics-edger	product	high	merge-into:rsomics-edger	-
rsomics-cramervonmises	0.1.1	B	True	6	795	0	0		True	True	True	True	scipy	scipy	statistics	rsomics-stats	capability-pool	high	merge-or-core-review	-
rsomics-csvio	0.4.5	A	True	9	1348	9	1	rsomics-table	True	False	False	True	csvtk	csvtk	foundation	rsomics-csvio	foundation	high	keep-core-candidate	-
rsomics-cusp	0.1.0	B	True	7	668	0	0		True	True	True	True	emboss	emboss	sequence-utilities	rsomics-seq	product	high	merge-into:rsomics-seq	-
rsomics-cut-tree	0.1.2	B	True	4	416	0	0		True	True	True	True	scipy	scipy	statistics	rsomics-stats	capability-pool	high	merge-or-core-review	-
rsomics-dag	0.1.1	B	True	2	319	0	0		True	True	True	True	networkx	networkx	graph-algorithms	rsomics-graph	capability-pool	high	merge-or-core-review	-
rsomics-de-volcano	0.1.1	B	True	3	180	0	0		True	True	True	False			bulk-expression	rsomics-expression	product	medium	merge-into:rsomics-expression	-
rsomics-debruijn	0.1.0	A	True	1	224	0	0		False	False	False	False			foundation	rsomics-debruijn	foundation	high	internalize-or-merge-review	-
rsomics-deletion-profile	0.1.0	B	True	3	213	0	0		True	True	True	True	rseqc	rseqc	transcriptomics-qc	rsomics-rnaseq-qc	product	high	merge-into:rsomics-rnaseq-qc	-
rsomics-derep	0.2.0	B	True	5	675	0	0		True	True	True	True	vsearch	vsearch	metagenomics	rsomics-metagenomics	product	medium	merge-into:rsomics-metagenomics	-
rsomics-deseq-estimate-dispersions	0.1.1	B	True	6	1470	0	0		True	True	True	True	deseq2	deseq2	bulk-expression	rsomics-deseq	product	high	merge-into:rsomics-deseq	-
rsomics-deseq-fpkm	0.1.1	B	True	3	448	0	0		True	True	True	True	deseq2	rseqc|deseq2	bulk-expression	rsomics-deseq	product	high	merge-into:rsomics-deseq	-
rsomics-deseq-fpm	0.1.1	B	True	3	387	0	0		True	True	True	True	deseq2	deseq2|edger	bulk-expression	rsomics-deseq	product	high	merge-into:rsomics-deseq	-
rsomics-deseq-lfc-shrink	0.1.1	B	True	8	1777	0	0		True	True	True	True	deseq2	deseq2	bulk-expression	rsomics-deseq	product	high	merge-into:rsomics-deseq	-
rsomics-deseq-lrt	0.1.1	B	True	7	1784	0	0		True	True	True	True	deseq2	deseq2	bulk-expression	rsomics-deseq	product	high	merge-into:rsomics-deseq	-
rsomics-deseq-norm-transform	0.1.1	B	True	4	366	0	0		True	True	True	True	deseq2	deseq2	bulk-expression	rsomics-deseq	product	high	merge-into:rsomics-deseq	-
rsomics-deseq-prep	0.1.1	B	True	3	160	0	0		True	True	True	False	deseq2	deseq2	bulk-expression	rsomics-deseq	product	high	merge-into:rsomics-deseq	-
rsomics-deseq-results	0.1.1	B	True	7	1587	0	0		True	True	True	True	deseq2	deseq2	bulk-expression	rsomics-deseq	product	high	merge-into:rsomics-deseq	-
rsomics-deseq-rlog	0.1.1	B	True	8	1139	0	0		True	True	True	True	deseq2	deseq2	bulk-expression	rsomics-deseq	product	high	merge-into:rsomics-deseq	-
rsomics-deseq-sizefactors	0.1.1	B	True	3	346	0	0		True	True	True	True	deseq2	deseq2	bulk-expression	rsomics-deseq	product	high	merge-into:rsomics-deseq	-
rsomics-deseq-unmix	0.1.0	B	True	5	733	0	0		True	True	True	True	deseq2	deseq2	bulk-expression	rsomics-deseq	product	high	merge-into:rsomics-deseq	-
rsomics-deseq-vst	0.1.1	B	True	6	736	0	0		True	True	True	True	deseq2	deseq2	bulk-expression	rsomics-deseq	product	high	merge-into:rsomics-deseq	-
rsomics-detrend	0.1.0	B	True	3	257	0	0		True	True	True	True	scipy	scipy	statistics	rsomics-stats	capability-pool	high	merge-or-core-review	-
rsomics-differential-entropy	0.1.1	B	True	6	545	0	0		True	True	True	True	scipy	scipy	statistics	rsomics-stats	capability-pool	high	merge-or-core-review	-
rsomics-digraph-metrics	0.1.2	B	True	3	429	0	0		True	True	True	True	networkx	networkx	graph-algorithms	rsomics-graph	capability-pool	high	merge-or-core-review	-
rsomics-digraph-properties	0.1.2	B	True	3	501	0	0		True	True	True	True	networkx	networkx	graph-algorithms	rsomics-graph	capability-pool	high	merge-or-core-review	-
rsomics-directed-components	0.1.1	B	True	6	454	0	0		True	True	True	True	networkx	networkx	graph-algorithms	rsomics-graph	capability-pool	high	merge-or-core-review	-
rsomics-dispersion	0.1.1	B	True	2	259	0	0		True	True	True	True	networkx	networkx	graph-algorithms	rsomics-graph	capability-pool	high	merge-or-core-review	-
rsomics-distance	0.1.0	A	True	1	284	5	1	rsomics-ecology	False	False	False	False	scikit-bio	scikit-bio	foundation	rsomics-distance	foundation	high	keep-core-candidate	-
rsomics-dominance	0.1.1	B	True	3	432	0	0		True	True	True	True	networkx	networkx	graph-algorithms	rsomics-graph	capability-pool	high	merge-or-core-review	-
rsomics-dssp	0.1.2	B	True	6	1024	0	0		True	True	True	True			protein-structure	rsomics-structure	product	medium	merge-into:rsomics-structure	-
rsomics-durbin-watson	0.1.0	B	True	8	489	0	0		True	True	True	True	statsmodels	statsmodels	statistics	rsomics-stats	capability-pool	high	merge-or-core-review	-
rsomics-ebayes-core	0.1.0	A	True	1	201	3	1	rsomics-limma	False	False	False	False	limma	limma	foundation	rsomics-ebayes-core	foundation	high	keep-core-candidate	-
rsomics-ecdf	0.1.0	B	True	7	808	0	0		True	True	True	True	scipy	scipy	statistics	rsomics-stats	capability-pool	high	merge-or-core-review	-
rsomics-edge-betweenness	0.1.2	B	True	5	423	0	0		True	True	True	True	networkx	networkx	graph-algorithms	rsomics-graph	capability-pool	high	merge-or-core-review	-
rsomics-edge-filter	0.1.1	B	True	2	624	0	0		True	True	False	True	scikit-image	scipy|scikit-image	bioimage-review	rsomics-image	capability-pool	high	merge-or-core-review	-
rsomics-edger-binom-test	0.1.2	B	True	4	791	0	0		True	True	True	True	edger	edger	bulk-expression	rsomics-edger	product	high	merge-into:rsomics-edger	-
rsomics-edger-camera	0.1.3	B	True	8	1315	0	0		True	True	True	True	limma	edger|limma	bulk-expression	rsomics-limma	product	high	merge-into:rsomics-limma	-
rsomics-edger-cpm-by-group	0.1.3	B	True	3	629	0	0		True	True	True	True	edger	edger	bulk-expression	rsomics-edger	product	high	merge-into:rsomics-edger	-
rsomics-edger-diff-splice	0.1.3	B	True	4	1208	0	0		True	True	True	True	edger	edger|limma	bulk-expression	rsomics-edger	product	high	merge-into:rsomics-edger	-
rsomics-edger-estimate-disp	0.1.2	B	True	4	1355	0	0		True	True	True	True	edger	edger|limma	bulk-expression	rsomics-edger	product	high	merge-into:rsomics-edger	-
rsomics-edger-exact-test	0.1.2	B	True	4	1463	0	0		True	True	True	True	edger	edger	bulk-expression	rsomics-edger	product	high	merge-into:rsomics-edger	-
rsomics-edger-glm-lrt	0.1.2	B	True	4	1289	0	0		True	True	True	True	edger	edger|limma	bulk-expression	rsomics-edger	product	high	merge-into:rsomics-edger	-
rsomics-edger-glm-qlf	0.1.2	B	True	7	1715	0	0		True	True	True	True	edger	edger|limma	bulk-expression	rsomics-edger	product	high	merge-into:rsomics-edger	-
rsomics-edger-glm-treat	0.1.2	B	True	4	1100	0	0		True	True	True	True	edger	edger|limma	bulk-expression	rsomics-edger	product	high	merge-into:rsomics-edger	-
rsomics-edger-goodturing	0.1.2	B	True	3	617	0	0		True	True	True	True	edger	edger	bulk-expression	rsomics-edger	product	high	merge-into:rsomics-edger	-
rsomics-edger-predfc	0.1.2	B	True	3	734	0	0		True	True	True	True	edger	edger	bulk-expression	rsomics-edger	product	high	merge-into:rsomics-edger	-
rsomics-edger-robust-disp	0.1.0	B	False	4	1156	0	0		True	True	False	True	edger	edger	bulk-expression	rsomics-edger	product	high	merge-into:rsomics-edger	-
rsomics-edger-rpkm	0.1.2	B	True	3	768	0	0		True	True	True	True	edger	edger	bulk-expression	rsomics-edger	product	high	merge-into:rsomics-edger	-
rsomics-effective-size	0.1.1	B	True	2	390	0	0		True	True	True	True	scipy|networkx	scipy|networkx	graph-algorithms	rsomics-graph	capability-pool	high	merge-or-core-review	-
rsomics-ehh-decay	0.1.1	B	True	6	1105	0	0		True	True	True	True	scikit-allel	scikit-allel	population-genetics	rsomics-popgen	product	high	merge-into:rsomics-popgen	-
rsomics-eigenvector-centrality	0.1.2	B	True	2	281	0	0		True	True	True	True	networkx	networkx	graph-algorithms	rsomics-graph	capability-pool	high	merge-or-core-review	-
rsomics-energy-distance	0.1.0	B	True	6	517	0	0		True	True	True	True	scipy	scipy	statistics	rsomics-stats	capability-pool	high	merge-or-core-review	-
rsomics-entropy	0.1.1	B	True	5	453	0	0		True	True	True	True	scipy	scipy	statistics	rsomics-stats	capability-pool	high	merge-or-core-review	-
rsomics-epps-singleton	0.1.2	B	True	8	888	0	0		True	True	True	True	scipy	scipy	statistics	rsomics-stats	capability-pool	high	merge-or-core-review	-
rsomics-equalize-hist	0.1.2	B	True	2	559	0	0		True	True	False	True	scikit-image	scikit-image	bioimage-review	rsomics-image	capability-pool	high	merge-or-core-review	-
rsomics-f-oneway	0.1.0	B	True	6	770	0	0		True	True	True	True	scipy	scipy	statistics	rsomics-stats	capability-pool	high	merge-or-core-review	-
rsomics-faith-pd	0.1.2	B	True	3	484	0	0		True	True	True	True	scikit-bio	scikit-bio|biopython	phylogenetics	rsomics-phylo	product	high	merge-into:rsomics-phylo	-
rsomics-fasta-amplicon	0.1.4	B	True	6	1130	0	0		True	True	True	True	seqkit	seqkit	sequence-utilities	rsomics-seq	product	high	merge-into:rsomics-seq	-
rsomics-fasta-digest	0.1.2	B	True	3	209	0	0		True	True	True	True			sequence-utilities	rsomics-seq	product	medium	merge-into:rsomics-seq	-
rsomics-fasta-fx2tab	0.1.4	B	True	3	469	0	0		True	True	True	True	seqkit	seqkit	sequence-utilities	rsomics-seq	product	high	merge-into:rsomics-seq	-
rsomics-fasta-index	0.2.1	B	True	6	662	0	0		True	True	True	True	samtools	samtools	alignment-formats	rsomics-bam	product	high	merge-into:rsomics-bam	-
rsomics-fasta-locate	0.1.6	B	True	3	1030	0	0		True	True	True	True	seqkit	seqkit	sequence-utilities	rsomics-seq	product	high	merge-into:rsomics-seq	-
rsomics-fasta-mask	0.1.2	B	True	3	203	0	0		True	True	True	True	bedtools	bedtools	intervals	rsomics-bed	product	high	merge-into:rsomics-bed	-
rsomics-fasta-n50	0.1.4	B	True	3	248	0	0		True	True	True	True	seqkit	seqkit	sequence-utilities	rsomics-seq	product	high	merge-into:rsomics-seq	-
rsomics-fasta-orf	0.1.0	B	True	8	1479	0	0		True	True	True	True	emboss	emboss	sequence-utilities	rsomics-seq	product	high	merge-into:rsomics-seq	-
rsomics-fasta-sliding	0.1.4	B	True	3	298	0	0		True	True	True	True	seqkit	seqkit	sequence-utilities	rsomics-seq	product	high	merge-into:rsomics-seq	-
rsomics-fasta-stats	0.4.7	B	True	5	807	0	0		True	True	True	True	seqkit	seqkit	sequence-utilities	rsomics-seq	product	high	merge-into:rsomics-seq	-
rsomics-fasta-subseq	0.1.4	B	True	3	306	0	0		True	True	True	True	seqkit	seqkit	sequence-utilities	rsomics-seq	product	high	merge-into:rsomics-seq	-
rsomics-fasta-translate	0.1.3	B	True	3	330	0	0		True	True	True	True	seqkit	seqkit	sequence-utilities	rsomics-seq	product	high	merge-into:rsomics-seq	-
rsomics-fasta-utils	0.1.3	B	True	29	1469	0	0		True	True	True	True	seqkit	seqkit	sequence-utilities	rsomics-seq	product	high	keep-as-consolidation-seed	-
rsomics-fasta-validate	0.1.1	B	True	3	185	0	0		True	True	True	True	seqkit|biopython	seqkit|biopython	sequence-utilities	rsomics-seq	product	high	merge-into:rsomics-seq	-
rsomics-fastp	0.1.1	B	True	8	822	0	0		True	True	True	True	fastp	fastp	read-preprocessing	rsomics-fastq-preprocess	product	high	merge-into:rsomics-fastq-preprocess	-
rsomics-fastq-complexity	0.1.0	B	True	3	223	0	0		True	True	True	True	fastp	fastp	read-preprocessing	rsomics-fastq-preprocess	product	high	merge-into:rsomics-fastq-preprocess	-
rsomics-fastq-correct	0.1.0	B	True	6	1498	0	0		True	True	True	True			read-preprocessing	rsomics-fastq-preprocess	product	medium	merge-into:rsomics-fastq-preprocess	-
rsomics-fastq-dedup	0.1.1	B	True	5	414	0	0		True	True	True	True	seqkit|fastp	seqkit|fastp	read-preprocessing	rsomics-fastq-preprocess	product	high	merge-into:rsomics-fastq-preprocess	-
rsomics-fastq-downsample	0.1.2	B	True	3	147	0	0		True	True	True	True	seqkit	seqkit	sequence-utilities	rsomics-seq	product	high	merge-into:rsomics-seq	-
rsomics-fastq-filter	0.1.1	B	True	3	762	0	0		True	True	True	True	fastp	fastp	read-preprocessing	rsomics-fastq-preprocess	product	high	merge-into:rsomics-fastq-preprocess	-
rsomics-fastq-merge	0.1.1	B	True	3	577	0	0		True	True	True	True	fastp	fastp	read-preprocessing	rsomics-fastq-preprocess	product	high	merge-into:rsomics-fastq-preprocess	-
rsomics-fastq-pair	0.1.2	B	True	3	365	0	0		True	True	True	True	bbduk|seqkit	bbduk|seqkit	read-preprocessing	rsomics-fastq-preprocess	product	high	merge-into:rsomics-fastq-preprocess	-
rsomics-fastq-quality	0.1.1	B	True	2	396	0	0		True	True	True	True	fastp	fastp	read-preprocessing	rsomics-fastq-preprocess	product	high	merge-into:rsomics-fastq-preprocess	-
rsomics-fastq-sample	0.1.3	B	True	3	485	0	0		True	True	True	True	seqkit	seqkit	sequence-utilities	rsomics-seq	product	high	merge-into:rsomics-seq	-
rsomics-fastq-split	0.1.0	B	True	3	563	0	0		True	True	True	True	fastp	seqkit|fastp	read-preprocessing	rsomics-fastq-preprocess	product	high	merge-into:rsomics-fastq-preprocess	-
rsomics-fastq-stats	0.1.2	B	True	5	871	0	0		True	True	True	True	seqkit	seqkit	sequence-utilities	rsomics-seq	product	high	merge-into:rsomics-seq	-
rsomics-fastq-trim	0.4.6	B	True	8	1773	0	0		True	True	True	True	fastp	fastp	read-preprocessing	rsomics-fastq-preprocess	product	high	merge-into:rsomics-fastq-preprocess	-
rsomics-fastq-umi	0.2.0	B	True	7	836	0	0		True	True	True	True	fastp	fastp	read-preprocessing	rsomics-fastq-preprocess	product	high	merge-into:rsomics-fastq-preprocess	-
rsomics-fastq-utils	0.1.3	B	True	21	1117	0	0		True	True	True	True	seqkit	seqkit	sequence-utilities	rsomics-seq	product	high	keep-as-consolidation-seed	-
rsomics-fastq-validate	0.1.1	B	True	3	191	0	0		True	True	True	True			sequence-utilities	rsomics-seq	product	medium	merge-into:rsomics-seq	-
rsomics-fastqc	0.1.0	B	True	17	2377	0	0		True	True	True	True	fastqc	fastqc	read-preprocessing	rsomics-fastq-qc	product	high	merge-into:rsomics-fastq-qc	-
rsomics-fastx-convert	0.1.1	B	True	2	356	0	0		True	True	True	True	seqkit	seqkit	sequence-utilities	rsomics-seq	product	high	merge-into:rsomics-seq	-
rsomics-fastx-sort	0.1.0	B	True	5	446	0	0		True	True	True	True	vsearch	vsearch	metagenomics	rsomics-metagenomics	product	medium	merge-into:rsomics-metagenomics	-
rsomics-fcluster	0.1.2	B	True	5	652	0	0		True	True	True	True	scipy	scipy	statistics	rsomics-stats	capability-pool	high	merge-or-core-review	-
rsomics-featurecounts	0.1.2	B	True	8	802	0	0		True	True	True	True	featurecounts	featurecounts	bulk-expression	rsomics-count	product	high	merge-into:rsomics-count	-
rsomics-filter-by-expr	0.1.2	B	True	3	467	0	0		True	True	True	True	edger	edger	bulk-expression	rsomics-edger	product	high	merge-into:rsomics-edger	-
rsomics-find-peaks	0.1.0	B	True	5	900	0	0		True	True	True	True	scipy	scipy	epigenomics	rsomics-peak	product	high	merge-into:rsomics-peak	-
rsomics-fligner	0.1.1	B	True	7	936	0	0		True	True	True	True	scipy	scipy	statistics	rsomics-stats	capability-pool	high	merge-or-core-review	-
rsomics-fm-index	0.1.0	A	True	1	192	1	1	rsomics-index	False	False	False	False			foundation	rsomics-fm-index	foundation	high	internalize-or-merge-review	-
rsomics-fm-search	0.1.1	B	True	3	166	0	0		True	True	True	False			sequence-indexing	rsomics-index	product	medium	merge-into:rsomics-index	-
rsomics-fpkm-count	0.1.0	B	True	7	570	0	0		True	True	True	True	rseqc	rseqc	transcriptomics-qc	rsomics-rnaseq-qc	product	high	merge-into:rsomics-rnaseq-qc	-
rsomics-fqgz	0.1.0	A	True	1	171	6	1	rsomics-fastq-preprocess	False	False	False	True	seqkit|fastp	seqkit|fastp	foundation	rsomics-fqgz	foundation	high	keep-core-candidate	-
rsomics-fragment-size	0.1.1	B	True	3	394	0	0		True	True	True	True	samtools|deeptools|picard	samtools|deeptools|picard	epigenomic-signal	rsomics-signal	product	high	merge-into:rsomics-signal	-
rsomics-freesasa	0.2.1	B	True	12	1864	0	0		True	True	True	True	freesasa	freesasa	protein-structure	rsomics-structure	product	high	merge-into:rsomics-structure	-
rsomics-freq-hist	0.1.0	B	True	5	550	0	0		True	True	True	True	scipy	scipy	statistics	rsomics-stats	capability-pool	high	merge-or-core-review	-
rsomics-friedman-test	0.1.1	B	True	6	609	0	0		True	True	True	True	scipy	scipy	statistics	rsomics-stats	capability-pool	high	merge-or-core-review	-
rsomics-gaussian-filter	0.1.1	B	True	2	541	0	0		True	True	True	True	scipy|scikit-image	scipy|scikit-image	bioimage-review	rsomics-image	capability-pool	high	merge-or-core-review	-
rsomics-gc-skew	0.1.0	B	True	3	217	0	0		True	True	False	True	biopython	biopython	sequence-utilities	rsomics-seq	product	high	merge-into:rsomics-seq	-
rsomics-gc-windows	0.1.1	B	True	3	172	0	0		True	True	True	False	bedtools	bedtools	intervals	rsomics-bed	product	high	merge-into:rsomics-bed	-
rsomics-gc123	0.1.0	B	True	3	246	0	0		True	True	True	True	biopython	biopython	sequence-utilities	rsomics-seq	product	high	merge-into:rsomics-seq	-
rsomics-genebody-coverage	0.1.0	B	True	3	495	0	0		True	True	True	True	rseqc	rseqc	transcriptomics-qc	rsomics-rnaseq-qc	product	high	merge-into:rsomics-rnaseq-qc	-
rsomics-generalized-degree	0.1.2	B	True	3	328	0	0		True	True	True	True	networkx	networkx	graph-algorithms	rsomics-graph	capability-pool	high	merge-or-core-review	-
rsomics-gff-utils	0.1.1	B	True	31	1470	0	0		True	True	True	False			annotation	rsomics-annotation	product	medium	keep-as-consolidation-seed	-
rsomics-glcm-texture	0.1.0	B	True	5	462	0	0		True	True	False	True	scikit-image	scikit-image	bioimage-review	rsomics-image	capability-pool	high	merge-or-core-review	-
rsomics-global-efficiency	0.1.1	B	True	2	186	0	0		True	True	True	True	networkx	scanpy|networkx	graph-algorithms	rsomics-graph	capability-pool	high	merge-or-core-review	-
rsomics-gmean	0.1.0	B	True	5	526	0	0		True	True	True	True	scipy	scipy	statistics	rsomics-stats	capability-pool	high	merge-or-core-review	-
rsomics-goldfeld-quandt	0.1.1	B	True	7	927	0	0		True	True	True	True	statsmodels	scipy|statsmodels	statistics	rsomics-stats	capability-pool	high	merge-or-core-review	-
rsomics-gradient-trajectory	0.1.2	B	True	8	1403	0	0		True	True	False	True	scikit-bio	scipy|scikit-bio|biopython	ecology	rsomics-ecology	product	high	merge-into:rsomics-ecology	-
rsomics-graph-assortativity	0.1.2	B	True	5	361	0	0		True	True	True	True	networkx	scipy|networkx	graph-algorithms	rsomics-graph	capability-pool	high	merge-or-core-review	-
rsomics-graph-centrality	0.1.2	B	True	6	386	0	0		True	True	True	True	networkx	networkx	graph-algorithms	rsomics-graph	capability-pool	high	merge-or-core-review	-
rsomics-graph-components	0.1.2	B	True	6	379	0	0		True	True	True	True	networkx	networkx	graph-algorithms	rsomics-graph	capability-pool	high	merge-or-core-review	-
rsomics-graph-cuts	0.1.2	B	True	3	489	0	0		True	True	True	True	networkx	networkx	graph-algorithms	rsomics-graph	capability-pool	high	merge-or-core-review	-
rsomics-graph-properties	0.1.2	B	True	3	385	0	0		True	True	True	True	networkx	networkx	graph-algorithms	rsomics-graph	capability-pool	high	merge-or-core-review	-
rsomics-graph-shortest-paths	0.2.2	B	True	5	600	0	0		True	True	True	True	networkx	networkx	graph-algorithms	rsomics-graph	capability-pool	high	merge-or-core-review	-
rsomics-greedy-color	0.1.2	B	True	2	333	0	0		True	True	True	True	networkx	networkx	graph-algorithms	rsomics-graph	capability-pool	high	merge-or-core-review	-
rsomics-grey-morphology	0.1.1	B	True	2	374	0	0		True	True	False	True	scikit-image	scipy|scikit-image	bioimage-review	rsomics-image	capability-pool	high	merge-or-core-review	-
rsomics-group-centrality	0.1.2	B	True	5	751	0	0		True	True	True	True	networkx	networkx	graph-algorithms	rsomics-graph	capability-pool	high	merge-or-core-review	-
rsomics-haplotype-diversity	0.1.0	B	True	6	825	0	0		True	True	True	True	scikit-allel	scikit-allel	population-genetics	rsomics-popgen	product	high	merge-into:rsomics-popgen	-
rsomics-hausdorff	0.1.1	B	True	2	346	0	0		True	True	True	True	scipy	scipy	statistics	rsomics-stats	capability-pool	high	merge-or-core-review	-
rsomics-help	0.3.1	A	True	6	563	317	30	rsomics-annotation|rsomics-bam|rsomics-bed|rsomics-composition|rsomics-count|rsomics-deseq|rsomics-ecology|rsomics-edger|rsomics-expression|rsomics-fastq-preprocess|rsomics-fastq-qc|rsomics-index|rsomics-limma|rsomics-metagenomics|rsomics-methyl|rsomics-minimap2|rsomics-model|rsomics-peak|rsomics-phylo|rsomics-popgen|rsomics-rnaseq-qc|rsomics-sc|rsomics-seq|rsomics-signal|rsomics-sketch|rsomics-stats|rsomics-structure|rsomics-table|rsomics-vcf|rsomics-workflow	False	False	False	False			foundation	rsomics-help	foundation	high	keep-core-candidate	-
rsomics-het-tests	0.1.1	B	True	10	1231	0	0		True	True	True	True	statsmodels	scipy|statsmodels	statistics	rsomics-stats	capability-pool	high	merge-or-core-review	-
rsomics-hits	0.1.1	B	True	2	329	0	0		True	True	True	True	networkx	networkx	graph-algorithms	rsomics-graph	capability-pool	high	merge-or-core-review	-
rsomics-hmm	0.1.0	A	True	1	251	1	1	rsomics-model	False	False	False	False			foundation	rsomics-hmm	foundation	high	internalize-or-merge-review	-
rsomics-hmm-decode	0.1.1	B	True	3	168	0	0		True	True	True	False			sequence-models	rsomics-model	capability-pool	medium	merge-or-core-review	-
rsomics-hommola	0.1.1	B	True	6	743	0	0		True	True	True	True	scikit-bio	scikit-bio|biopython	ecology	rsomics-ecology	product	high	merge-into:rsomics-ecology	-
rsomics-icc	0.1.0	B	True	6	950	0	0		True	True	True	True	scipy|statsmodels	scipy|statsmodels	statistics	rsomics-stats	capability-pool	high	merge-or-core-review	-
rsomics-igzip	0.1.0	A	True	2	465	1	1	rsomics-seqio	False	False	False	True	fastp	fastp	foundation	rsomics-igzip	foundation	high	internalize-or-merge-review	-
rsomics-ilr	0.2.1	B	True	4	660	0	0		True	True	True	True	scikit-bio	scikit-bio|biopython	compositional	rsomics-composition	product	high	merge-into:rsomics-composition	-
rsomics-ilr-basis	0.2.0	B	True	7	962	0	0		True	True	False	True	scikit-bio	scikit-bio	compositional	rsomics-composition	product	high	merge-into:rsomics-composition	-
rsomics-image-entropy	0.1.0	B	True	3	159	0	0		True	True	False	True	scikit-image	scipy|scikit-image	bioimage-review	rsomics-image	capability-pool	high	merge-or-core-review	-
rsomics-image-thresholds	0.1.2	B	True	4	807	0	0		True	True	False	True	scikit-image	scikit-image	bioimage-review	rsomics-image	capability-pool	high	merge-or-core-review	-
rsomics-infercnv	0.1.0	B	True	3	409	0	0		True	True	True	True	infercnv	infercnv	single-cell	rsomics-sc	product	high	merge-into:rsomics-sc	-
rsomics-inner-distance	0.1.1	B	True	7	817	0	0		True	True	True	True	rseqc	rseqc	transcriptomics-qc	rsomics-rnaseq-qc	product	high	merge-into:rsomics-rnaseq-qc	-
rsomics-insertion-profile	0.1.0	B	True	3	509	0	0		True	True	True	True	rseqc	rseqc	transcriptomics-qc	rsomics-rnaseq-qc	product	high	merge-into:rsomics-rnaseq-qc	-
rsomics-intervals	0.2.0	A	True	6	1125	11	4	rsomics-bed|rsomics-peak|rsomics-signal|rsomics-vcf	True	False	False	False	bedtools	bedtools	foundation	rsomics-intervals	foundation	high	keep-core-candidate	-
rsomics-jarque-bera	0.1.1	B	True	5	464	0	0		True	True	True	True	scipy	scipy	statistics	rsomics-stats	capability-pool	high	merge-or-core-review	-
rsomics-junction-saturation	0.1.0	B	True	3	494	0	0		True	True	True	True	rseqc	rseqc	transcriptomics-qc	rsomics-rnaseq-qc	product	high	merge-into:rsomics-rnaseq-qc	-
rsomics-k-clique-communities	0.1.0	B	True	3	367	0	0		True	True	True	True	networkx	networkx	graph-algorithms	rsomics-graph	capability-pool	high	merge-or-core-review	-
rsomics-k-truss	0.1.1	B	True	2	287	0	0		True	True	True	True	networkx	networkx	graph-algorithms	rsomics-graph	capability-pool	high	merge-or-core-review	-
rsomics-kappa	0.1.0	B	True	8	1102	0	0		True	True	True	True	statsmodels	scipy|statsmodels	statistics	rsomics-stats	capability-pool	high	merge-or-core-review	-
rsomics-katz-centrality	0.1.2	B	True	2	340	0	0		True	True	True	True	networkx	networkx	graph-algorithms	rsomics-graph	capability-pool	high	merge-or-core-review	-
rsomics-kbins	0.1.1	B	True	6	965	0	0		True	True	True	True	scikit-learn	scikit-learn	machine-learning	rsomics-ml	capability-pool	high	merge-or-core-review	-
rsomics-kendall-tau	0.1.0	B	True	5	983	0	0		True	True	True	True	scipy	scipy	statistics	rsomics-stats	capability-pool	high	merge-or-core-review	-
rsomics-kinship	0.1.1	B	True	7	899	0	0		True	True	True	True	plink	plink	population-genetics	rsomics-plink	product	high	merge-into:rsomics-plink	-
rsomics-kmer	0.2.0	A	True	6	516	6	4	rsomics-debruijn|rsomics-fastq-preprocess|rsomics-metagenomics|rsomics-sketch	False	False	False	False			foundation	rsomics-kmer	foundation	high	keep-core-candidate	-
rsomics-kmer-dist	0.1.1	B	True	3	239	0	0		True	True	True	False			metagenomics	rsomics-sketch	product	medium	merge-into:rsomics-sketch	-
rsomics-kpss-test	0.1.2	B	True	3	387	0	0		True	True	True	True	statsmodels	statsmodels	statistics	rsomics-stats	capability-pool	high	merge-or-core-review	-
rsomics-kraken-report	0.1.2	B	True	3	192	0	0		True	True	True	False			metagenomics	rsomics-metagenomics	product	medium	merge-into:rsomics-metagenomics	-
rsomics-kruskal-wallis	0.1.1	B	True	6	566	0	0		True	True	True	True	scipy	scipy	statistics	rsomics-stats	capability-pool	high	merge-or-core-review	-
rsomics-ks-test	0.1.0	B	True	8	1839	0	0		True	True	True	True	scipy	scipy	statistics	rsomics-stats	capability-pool	high	merge-or-core-review	-
rsomics-kstat	0.1.0	B	False	0	0	0	0		False	False	False	False	scipy	scipy	statistics	rsomics-stats	capability-pool	high	merge-or-core-review	-
rsomics-label-stats	0.1.1	B	True	2	502	0	0		True	True	True	True	scipy	scipy	statistics	rsomics-stats	capability-pool	high	merge-or-core-review	-
rsomics-ld-matrix	0.1.3	B	True	3	362	0	0		True	True	True	True	scikit-allel|plink|vcftools	scikit-allel|plink|vcftools	population-genetics	rsomics-popgen	product	high	merge-into:rsomics-popgen	-
rsomics-levene-test	0.1.0	B	True	5	795	0	0		True	True	True	True	scipy	scipy	statistics	rsomics-stats	capability-pool	high	merge-or-core-review	-
rsomics-liftover	0.1.0	B	True	3	302	0	0		True	True	True	True	liftover	liftover	coordinate-conversion	rsomics-liftover	product	high	keep-product-candidate	-
rsomics-limma-array-weights	0.1.2	B	True	5	619	0	0		True	True	True	True	limma	limma	bulk-expression	rsomics-limma	product	high	merge-into:rsomics-limma	-
rsomics-limma-decide-tests	0.1.2	B	True	5	682	0	0		True	True	True	True	limma	limma	bulk-expression	rsomics-limma	product	high	merge-into:rsomics-limma	-
rsomics-limma-diff-splice	0.1.2	B	True	7	1346	0	0		True	True	True	True	limma	edger|limma	bulk-expression	rsomics-limma	product	high	merge-into:rsomics-limma	-
rsomics-limma-duplicate-correlation	0.1.2	B	True	6	772	0	0		True	True	True	True	limma	limma	bulk-expression	rsomics-limma	product	high	merge-into:rsomics-limma	-
rsomics-limma-ebayes	0.1.4	B	True	7	1164	0	0		True	True	True	True	limma	limma	bulk-expression	rsomics-limma	product	high	merge-into:rsomics-limma	-
rsomics-limma-fry	0.1.0	B	False	8	1146	0	0		True	True	True	True	limma	limma	bulk-expression	rsomics-limma	product	high	merge-into:rsomics-limma	-
rsomics-limma-genas	0.1.0	B	False	8	1079	0	0		True	True	True	True	limma	limma	bulk-expression	rsomics-limma	product	high	merge-into:rsomics-limma	-
rsomics-limma-proptruenull	0.1.2	B	True	4	545	0	0		True	True	True	True	limma	limma	bulk-expression	rsomics-limma	product	high	merge-into:rsomics-limma	-
rsomics-limma-squeeze-var	0.1.2	B	True	6	672	0	0		True	True	True	True	limma	limma	bulk-expression	rsomics-limma	product	high	merge-into:rsomics-limma	-
rsomics-limma-treat	0.1.3	B	True	7	997	0	0		True	True	True	True	limma	limma	bulk-expression	rsomics-limma	product	high	merge-into:rsomics-limma	-
rsomics-limma-vooma	0.1.2	B	True	6	799	0	0		True	True	True	True	limma	limma	bulk-expression	rsomics-limma	product	high	merge-into:rsomics-limma	-
rsomics-link-prediction	0.2.2	B	True	2	542	0	0		True	True	True	True	networkx	networkx	graph-algorithms	rsomics-graph	capability-pool	high	merge-or-core-review	-
rsomics-linkage	0.1.0	B	True	10	924	0	0		True	True	True	True	scipy	scipy	statistics	rsomics-stats	capability-pool	high	merge-or-core-review	-
rsomics-linkage-stats	0.1.1	B	True	3	518	0	0		True	True	True	True	scipy	scipy	statistics	rsomics-stats	capability-pool	high	merge-or-core-review	-
rsomics-linregress	0.1.1	B	True	7	938	0	0		True	True	True	True	scipy	scipy	statistics	rsomics-stats	capability-pool	high	merge-or-core-review	-
rsomics-load-centrality	0.1.1	B	True	4	380	0	0		True	True	True	True	networkx	scanpy|networkx	graph-algorithms	rsomics-graph	capability-pool	high	merge-or-core-review	-
rsomics-local-efficiency	0.1.3	B	True	2	206	0	0		True	True	True	True	networkx	networkx	graph-algorithms	rsomics-graph	capability-pool	high	merge-or-core-review	-
rsomics-log-loss	0.1.1	B	True	8	794	0	0		True	True	True	True	scikit-learn	scikit-learn	machine-learning	rsomics-ml	capability-pool	high	merge-or-core-review	-
rsomics-macs	0.1.0	B	True	7	1336	0	0		True	True	False	True	macs	macs	epigenomics	rsomics-peak	product	high	merge-into:rsomics-peak	-
rsomics-mann-whitney	0.1.0	B	True	6	856	0	0		True	True	True	True	scipy	scipy	statistics	rsomics-stats	capability-pool	high	merge-or-core-review	-
rsomics-mantel	0.1.3	B	True	4	597	0	0		True	True	True	True	scikit-bio	scikit-bio|biopython	ecology	rsomics-ecology	product	high	merge-into:rsomics-ecology	-
rsomics-matrix-stats	0.2.1	B	True	5	1458	0	0		True	True	True	True	matrixstats	matrixstats	statistics	rsomics-stats	capability-pool	high	merge-or-core-review	-
rsomics-max-flow	0.1.0	B	True	3	335	0	0		True	True	True	True	networkx	networkx	graph-algorithms	rsomics-graph	capability-pool	high	merge-or-core-review	-
rsomics-maximal-matching	0.1.2	B	True	3	295	0	0		True	True	True	True	networkx	networkx	graph-algorithms	rsomics-graph	capability-pool	high	merge-or-core-review	-
rsomics-mcnemar	0.1.1	B	True	8	1221	0	0		True	True	True	True	statsmodels	scipy|statsmodels	statistics	rsomics-stats	capability-pool	high	merge-or-core-review	-
rsomics-medcouple	0.1.1	B	True	2	230	0	0		True	True	False	True	statsmodels	statsmodels	statistics	rsomics-stats	capability-pool	high	merge-or-core-review	-
rsomics-median-test	0.1.0	B	True	6	682	0	0		True	True	True	True	scipy	scipy	statistics	rsomics-stats	capability-pool	high	merge-or-core-review	-
rsomics-methyldackel	0.1.1	B	True	9	1062	0	0		True	True	True	True	methyldackel	methyldackel	epigenomics	rsomics-methyl	product	high	merge-into:rsomics-methyl	-
rsomics-minimap2	0.1.0	B	True	3	195	0	0		True	True	True	False	minimap2	minimap2	alignment	rsomics-minimap2	product	high	keep-product-candidate	-
rsomics-mismatch-profile	0.1.0	B	True	3	434	0	0		True	True	True	True	rseqc	rseqc	transcriptomics-qc	rsomics-rnaseq-qc	product	high	merge-into:rsomics-rnaseq-qc	-
rsomics-models	0.1.0	A	True	1	245	0	0		False	False	False	False			foundation	rsomics-models	foundation	high	internalize-or-merge-review	-
rsomics-modularity	0.1.2	B	True	3	331	0	0		True	True	True	True	networkx	networkx	graph-algorithms	rsomics-graph	capability-pool	high	merge-or-core-review	-
rsomics-molecular-weight	0.1.0	B	True	3	411	0	0		True	True	True	True	biopython	biopython	sequence-utilities	rsomics-seq	product	high	merge-into:rsomics-seq	-
rsomics-moments	0.1.0	B	True	6	618	0	0		True	True	True	True	scipy	scipy	statistics	rsomics-stats	capability-pool	high	merge-or-core-review	-
rsomics-mood-test	0.1.0	B	True	5	588	0	0		True	True	True	True	scipy	scipy	statistics	rsomics-stats	capability-pool	high	merge-or-core-review	-
rsomics-moral-graph	0.1.2	B	True	5	268	0	0		True	True	True	True	networkx	networkx	graph-algorithms	rsomics-graph	capability-pool	high	merge-or-core-review	-
rsomics-motif-scan	0.1.1	B	True	3	165	0	0		True	True	True	False	emboss	emboss	sequence-utilities	rsomics-seq	product	high	merge-into:rsomics-seq	-
rsomics-msa-trim	0.1.1	B	True	3	167	0	0		True	True	True	False	trimal	trimal	phylogenetics	rsomics-phylo	product	high	merge-into:rsomics-phylo	-
rsomics-multi-replace	0.1.1	B	True	4	495	0	0		True	True	True	True	scikit-bio	scikit-bio|biopython	ecology	rsomics-ecology	product	high	merge-into:rsomics-ecology	-
rsomics-multibam-summary	0.1.2	B	True	3	918	0	0		True	True	True	True	deeptools	deeptools	epigenomic-signal	rsomics-signal	product	high	merge-into:rsomics-signal	-
rsomics-multibigwig-summary	0.1.2	B	True	3	565	0	0		True	True	True	True	deeptools	bedtools|deeptools	epigenomic-signal	rsomics-signal	product	high	merge-into:rsomics-signal	-
rsomics-nj-tree	0.1.2	B	True	3	323	0	0		True	True	True	False			phylogenetics	rsomics-phylo	product	medium	merge-into:rsomics-phylo	-
rsomics-node-ages	0.1.0	B	True	3	270	0	0		True	True	True	True	dendropy	dendropy	phylogenetics	rsomics-phylo	product	high	merge-into:rsomics-phylo	-
rsomics-node-redundancy	0.1.1	B	True	2	282	0	0		True	True	True	True	networkx	networkx	graph-algorithms	rsomics-graph	capability-pool	high	merge-or-core-review	-
rsomics-normalizer	0.1.0	B	True	5	529	0	0		True	True	True	True	scikit-learn	scikit-learn	machine-learning	rsomics-ml	capability-pool	high	merge-or-core-review	-
rsomics-normaltest	0.1.1	B	True	6	851	0	0		True	True	True	True	scipy	scipy	statistics	rsomics-stats	capability-pool	high	merge-or-core-review	-
rsomics-obrien-transform	0.1.0	B	True	4	327	0	0		True	True	True	True	scipy	scipy	statistics	rsomics-stats	capability-pool	high	merge-or-core-review	-
rsomics-odds-ratio	0.1.1	B	True	5	1121	0	0		True	True	True	True	scipy	scipy	statistics	rsomics-stats	capability-pool	high	merge-or-core-review	-
rsomics-onion-layers	0.1.1	B	True	2	603	0	0		True	False	True	True	networkx	networkx	graph-algorithms	rsomics-graph	capability-pool	high	merge-or-core-review	-
rsomics-order-filter	0.1.0	B	True	3	221	0	0		True	True	True	True	scipy	scipy	statistics	rsomics-stats	capability-pool	high	merge-or-core-review	-
rsomics-page-trend	0.1.0	B	True	6	912	0	0		True	True	True	True	scipy	scipy	statistics	rsomics-stats	capability-pool	high	merge-or-core-review	-
rsomics-pagerank	0.1.2	B	True	6	287	0	0		True	True	True	True	networkx	scipy|networkx	graph-algorithms	rsomics-graph	capability-pool	high	merge-or-core-review	-
rsomics-pairwise-distance	0.1.0	B	True	10	1165	0	0		True	True	True	True	scipy	scipy	statistics	rsomics-stats	capability-pool	high	merge-or-core-review	-
rsomics-palindrome	0.1.0	B	False	8	953	0	0		True	True	True	True	emboss	emboss	sequence-utilities	rsomics-seq	product	high	merge-into:rsomics-seq	-
rsomics-partition-quality	0.1.2	B	True	3	347	0	0		True	True	True	True	networkx	networkx	graph-algorithms	rsomics-graph	capability-pool	high	merge-or-core-review	-
rsomics-pbs	0.1.1	B	True	7	648	0	0		True	True	True	True	scikit-allel	scikit-allel|samtools	population-genetics	rsomics-popgen	product	high	merge-into:rsomics-popgen	-
rsomics-pca	0.1.2	B	True	4	642	0	0		True	True	True	True	scikit-bio	scipy|scikit-bio|biopython	ecology	rsomics-ecology	product	high	merge-into:rsomics-ecology	-
rsomics-pcoa	0.1.2	B	True	4	539	0	0		True	True	True	True	scikit-bio	scipy|scikit-bio|biopython	ecology	rsomics-ecology	product	high	merge-into:rsomics-ecology	-
rsomics-pcoa-biplot	0.1.1	B	True	4	773	0	0		True	True	False	True	scikit-bio	scipy|scikit-bio	ecology	rsomics-ecology	product	high	merge-into:rsomics-ecology	-
rsomics-pdb-chain	0.1.1	B	True	3	224	0	0		True	True	True	False			protein-structure	rsomics-structure	product	medium	merge-into:rsomics-structure	-
rsomics-pdb-contacts	0.1.2	B	True	7	805	0	0		True	True	True	True	biopython	biopython	protein-structure	rsomics-structure	product	high	merge-into:rsomics-structure	-
rsomics-pdb-core	0.1.0	A	True	1	552	8	1	rsomics-structure	False	False	False	False	biopython	biopython	foundation	rsomics-pdb-core	foundation	high	keep-core-candidate	-
rsomics-pdb-dihedrals	0.1.2	B	True	6	435	0	0		True	True	False	True	biopython	biopython	protein-structure	rsomics-structure	product	high	merge-into:rsomics-structure	-
rsomics-pdb-geometry	0.1.1	B	True	6	813	0	0		True	True	False	True	biopython	biopython	protein-structure	rsomics-structure	product	high	merge-into:rsomics-structure	-
rsomics-pdb-hsexposure	0.1.2	B	True	5	543	0	0		True	True	True	True	biopython	biopython	protein-structure	rsomics-structure	product	high	merge-into:rsomics-structure	-
rsomics-pdb-superpose	0.1.1	B	True	5	666	0	0		True	True	False	True	biopython	tmalign|biopython	protein-structure	rsomics-structure	product	high	merge-into:rsomics-structure	-
rsomics-peak-annotate	0.1.1	B	True	6	1035	0	0		True	True	False	True			epigenomics	rsomics-peak	product	high	merge-into:rsomics-peak	-
rsomics-peak-count	0.1.2	B	True	3	270	0	0		True	True	True	False	samtools|bedtools	samtools|bedtools	epigenomics	rsomics-peak	product	high	merge-into:rsomics-peak	-
rsomics-percentile	0.1.1	B	True	5	558	0	0		True	True	True	True	scipy	scipy	statistics	rsomics-stats	capability-pool	high	merge-or-core-review	-
rsomics-permanova	0.1.3	B	True	5	603	0	0		True	True	True	True	scikit-bio	scikit-bio|biopython	ecology	rsomics-ecology	product	high	merge-into:rsomics-ecology	-
rsomics-permdisp	0.1.3	B	True	7	851	0	0		True	True	True	True	scikit-bio	scipy|scikit-bio|biopython	ecology	rsomics-ecology	product	high	merge-into:rsomics-ecology	-
rsomics-pgen	0.3.1	A	True	6	554	22	1	rsomics-plink	False	False	False	False	plink	plink	foundation	rsomics-pgen	foundation	high	keep-core-candidate	-
rsomics-phydiv	0.1.2	B	True	3	675	0	0		True	True	True	True	scikit-bio	scikit-bio	ecology	rsomics-ecology	product	high	merge-into:rsomics-ecology	-
rsomics-phylo-tree	0.1.0	A	True	1	259	9	2	rsomics-ecology|rsomics-phylo	False	False	False	False			foundation	rsomics-phylo-tree	foundation	high	keep-core-candidate	-
rsomics-pileup	0.1.0	A	True	5	1026	2	2	rsomics-bam|rsomics-vcf	False	False	False	True	samtools	samtools	foundation	rsomics-pileup	foundation	high	keep-core-candidate	-
rsomics-plink-assoc	0.1.1	B	True	4	480	0	0		True	True	True	True	plink	plink	population-genetics	rsomics-plink	product	high	merge-into:rsomics-plink	-
rsomics-plink-blocks	0.1.0	B	False	4	729	0	0		True	True	True	True	plink	plink	population-genetics	rsomics-plink	product	high	merge-into:rsomics-plink	-
rsomics-plink-check-sex	0.1.1	B	True	2	743	0	0		True	True	True	True	plink	plink	population-genetics	rsomics-plink	product	high	merge-into:rsomics-plink	-
rsomics-plink-cluster	0.1.0	B	True	2	693	0	0		True	True	True	True	plink	plink	population-genetics	rsomics-plink	product	high	merge-into:rsomics-plink	-
rsomics-plink-epistasis	0.1.0	B	True	5	751	0	0		True	True	True	True	plink	plink	population-genetics	rsomics-plink	product	high	merge-into:rsomics-plink	-
rsomics-plink-flip-scan	0.1.0	B	True	2	847	0	0		True	True	True	True	plink	plink	population-genetics	rsomics-plink	product	high	merge-into:rsomics-plink	-
rsomics-plink-freq	0.1.0	B	True	4	713	0	0		True	True	True	True	plink	plink	population-genetics	rsomics-plink	product	high	merge-into:rsomics-plink	-
rsomics-plink-freqx	0.1.1	B	True	2	480	0	0		True	True	True	True	plink	plink	population-genetics	rsomics-plink	product	high	merge-into:rsomics-plink	-
rsomics-plink-genome	0.1.0	B	False	6	582	0	0		True	True	True	True	plink	plink	population-genetics	rsomics-plink	product	high	merge-into:rsomics-plink	-
rsomics-plink-grm	0.1.0	B	True	2	284	0	0		True	True	True	True	plink	plink	population-genetics	rsomics-plink	product	high	merge-into:rsomics-plink	-
rsomics-plink-hardy	0.1.0	B	False	2	1085	0	0		True	True	True	True	plink	plink	population-genetics	rsomics-plink	product	high	merge-into:rsomics-plink	-
rsomics-plink-het	0.1.2	B	True	2	583	0	0		True	True	True	True	plink	plink	population-genetics	rsomics-plink	product	high	merge-into:rsomics-plink	-
rsomics-plink-homozyg	0.1.0	B	True	2	967	0	0		True	True	True	True	plink	plink	population-genetics	rsomics-plink	product	high	merge-into:rsomics-plink	-
rsomics-plink-ibc	0.1.1	B	True	3	520	0	0		True	True	True	True	plink	plink	population-genetics	rsomics-plink	product	high	merge-into:rsomics-plink	-
rsomics-plink-io	0.1.0	B	True	4	398	0	0		True	True	True	True	plink	plink	population-genetics	rsomics-plink	product	high	merge-into:rsomics-plink	-
rsomics-plink-ld	0.1.0	B	True	2	201	0	0		True	True	True	True	plink	plink	population-genetics	rsomics-plink	product	high	merge-into:rsomics-plink	-
rsomics-plink-linear	0.1.1	B	True	7	1809	0	0		True	True	True	True	plink	plink|scipy	population-genetics	rsomics-plink	product	high	merge-into:rsomics-plink	-
rsomics-plink-logistic	0.1.1	B	True	7	2060	0	0		True	True	True	True	plink	plink|scipy	population-genetics	rsomics-plink	product	high	merge-into:rsomics-plink	-
rsomics-plink-mendel	0.1.0	B	True	3	959	0	0		True	True	True	True	plink	plink	population-genetics	rsomics-plink	product	high	merge-into:rsomics-plink	-
rsomics-plink-missing	0.1.1	B	True	2	539	0	0		True	True	True	True	plink	plink	population-genetics	rsomics-plink	product	high	merge-into:rsomics-plink	-
rsomics-plink-model	0.1.2	B	True	4	1100	0	0		True	True	True	True	plink	plink	population-genetics	rsomics-plink	product	high	merge-into:rsomics-plink	-
rsomics-plink-pca	0.1.1	B	True	2	225	0	0		True	True	True	True	plink	plink	population-genetics	rsomics-plink	product	high	merge-into:rsomics-plink	-
rsomics-plink-prune	0.1.0	B	True	2	286	0	0		True	True	True	True	plink	plink	population-genetics	rsomics-plink	product	high	merge-into:rsomics-plink	-
rsomics-plink-recode	0.1.0	B	True	2	651	0	0		True	True	True	True	plink	plink	population-genetics	rsomics-plink	product	high	merge-into:rsomics-plink	-
rsomics-plink-score	0.1.1	B	True	2	863	0	0		True	True	True	True	plink	plink	population-genetics	rsomics-plink	product	high	merge-into:rsomics-plink	-
rsomics-plink-tdt	0.1.1	B	True	2	950	0	0		True	True	True	True	plink	plink	population-genetics	rsomics-plink	product	high	merge-into:rsomics-plink	-
rsomics-plink-test-missing	0.1.1	B	True	7	1515	0	0		True	True	True	True	plink	plink|scipy	population-genetics	rsomics-plink	product	high	merge-into:rsomics-plink	-
rsomics-plot-coverage	0.1.2	B	True	3	767	0	0		True	True	False	True	deeptools	deeptools	epigenomic-signal	rsomics-signal	product	high	merge-into:rsomics-signal	-
rsomics-point-biserial	0.1.0	B	True	5	701	0	0		True	True	True	True	scipy	scipy	statistics	rsomics-stats	capability-pool	high	merge-or-core-review	-
rsomics-polynomial-features	0.1.0	B	True	3	305	0	0		True	True	True	True	scikit-learn	scikit-learn	machine-learning	rsomics-ml	capability-pool	high	merge-or-core-review	-
rsomics-popgen-core	0.1.1	A	True	4	345	1	1	rsomics-popgen	False	False	False	False			foundation	rsomics-popgen-core	foundation	high	internalize-or-merge-review	-
rsomics-popgen-fstats	0.1.0	B	True	7	1118	0	0		True	True	True	True	scikit-allel	scikit-allel	population-genetics	rsomics-popgen	product	high	merge-into:rsomics-popgen	-
rsomics-popgen-garudh	0.1.0	B	True	6	884	0	0		True	True	True	True	scikit-allel	scikit-allel	population-genetics	rsomics-popgen	product	high	merge-into:rsomics-popgen	-
rsomics-popgen-ihs	0.1.0	B	True	9	2138	0	0		True	True	True	True	scikit-allel	scikit-allel	population-genetics	rsomics-popgen	product	high	merge-into:rsomics-popgen	-
rsomics-popgen-windowed	0.1.1	B	True	8	1254	0	0		True	True	True	True	scikit-allel	scikit-allel	population-genetics	rsomics-popgen	product	high	merge-into:rsomics-popgen	-
rsomics-popgen-xpehh	0.1.0	B	True	9	1985	0	0		True	True	True	True	scikit-allel	scikit-allel	population-genetics	rsomics-popgen	product	high	merge-into:rsomics-popgen	-
rsomics-power-divergence	0.1.1	B	True	5	648	0	0		True	True	True	True	scipy	scipy	statistics	rsomics-stats	capability-pool	high	merge-or-core-review	-
rsomics-proportion-confint	0.1.0	B	False	6	1025	0	0		True	True	True	True	statsmodels	scipy|statsmodels	statistics	rsomics-stats	capability-pool	high	merge-or-core-review	-
rsomics-proportion-effectsize	0.1.0	B	True	3	284	0	0		True	True	True	True	statsmodels	scipy|statsmodels	statistics	rsomics-stats	capability-pool	high	merge-or-core-review	-
rsomics-proportions-ztest	0.1.1	B	True	5	772	0	0		True	True	True	True	statsmodels	scipy|statsmodels	statistics	rsomics-stats	capability-pool	high	merge-or-core-review	-
rsomics-prot-param	0.4.0	B	True	5	922	0	0		True	True	True	True	biopython	biopython	sequence-utilities	rsomics-seq	product	high	merge-into:rsomics-seq	-
rsomics-pvalue-adjust	0.2.1	B	True	2	255	0	0		True	True	True	False			statistics	rsomics-stats	capability-pool	medium	merge-or-core-review	-
rsomics-pwmantel	0.1.2	B	True	6	825	0	0		True	True	True	True	scikit-bio	scikit-bio|biopython	ecology	rsomics-ecology	product	high	merge-into:rsomics-ecology	-
rsomics-quantile-norm	0.1.2	B	True	3	410	0	0		True	True	True	True	limma	limma	bulk-expression	rsomics-limma	product	high	merge-into:rsomics-limma	-
rsomics-quantile-transform	0.1.1	B	True	8	997	0	0		True	True	True	True	scikit-learn	scanpy|scipy|scikit-learn	machine-learning	rsomics-ml	capability-pool	high	merge-or-core-review	-
rsomics-qvalue	0.1.0	B	False	9	1815	0	0		True	False	True	False	qvalue	qvalue	statistics	rsomics-stats	capability-pool	high	merge-or-core-review	-
rsomics-rankdata	0.1.0	B	True	5	506	0	0		True	True	True	True	scipy	scipy	statistics	rsomics-stats	capability-pool	high	merge-or-core-review	-
rsomics-ranksums	0.1.0	B	True	7	634	0	0		True	True	True	True	scipy	scipy	statistics	rsomics-stats	capability-pool	high	merge-or-core-review	-
rsomics-rclr	0.1.1	B	True	4	548	0	0		True	True	True	True	scikit-bio	scikit-bio|biopython	ecology	rsomics-ecology	product	high	merge-into:rsomics-ecology	-
rsomics-rda	0.1.1	B	True	4	767	0	0		True	True	True	True	scikit-bio	scikit-bio	ecology	rsomics-ecology	product	high	merge-into:rsomics-ecology	-
rsomics-reachable	0.1.1	B	True	3	328	0	0		True	True	True	True	networkx	networkx	graph-algorithms	rsomics-graph	capability-pool	high	merge-or-core-review	-
rsomics-reaching-centrality	0.1.1	B	True	5	407	0	0		True	True	True	True	networkx	networkx	graph-algorithms	rsomics-graph	capability-pool	high	merge-or-core-review	-
rsomics-read-distribution	0.1.0	B	True	3	615	0	0		True	True	True	True	rseqc	rseqc	transcriptomics-qc	rsomics-rnaseq-qc	product	high	merge-into:rsomics-rnaseq-qc	-
rsomics-read-duplication	0.1.0	B	True	3	315	0	0		True	True	True	True	rseqc	rseqc	transcriptomics-qc	rsomics-rnaseq-qc	product	high	merge-into:rsomics-rnaseq-qc	-
rsomics-read-gc	0.1.0	B	True	3	252	0	0		True	True	True	True	rseqc	rseqc	transcriptomics-qc	rsomics-rnaseq-qc	product	high	merge-into:rsomics-rnaseq-qc	-
rsomics-read-hexamer	0.1.0	B	True	3	237	0	0		True	True	True	True	rseqc	rseqc	transcriptomics-qc	rsomics-rnaseq-qc	product	high	merge-into:rsomics-rnaseq-qc	-
rsomics-read-nvc	0.1.0	B	True	3	298	0	0		True	True	True	True	rseqc	rseqc	transcriptomics-qc	rsomics-rnaseq-qc	product	high	merge-into:rsomics-rnaseq-qc	-
rsomics-read-quality	0.1.0	B	True	4	346	0	0		True	True	True	True	rseqc	rseqc	transcriptomics-qc	rsomics-rnaseq-qc	product	high	merge-into:rsomics-rnaseq-qc	-
rsomics-regionprops	0.1.1	B	True	6	912	0	0		True	True	False	True	scikit-image	scipy|scikit-image	bioimage-review	rsomics-image	capability-pool	high	merge-or-core-review	-
rsomics-regression-metrics	0.1.0	B	True	6	540	0	0		True	True	True	True	scikit-learn	scikit-learn	machine-learning	rsomics-ml	capability-pool	high	merge-or-core-review	-
rsomics-relative-risk	0.1.0	B	True	6	683	0	0		True	True	True	True	scipy	scipy	statistics	rsomics-stats	capability-pool	high	merge-or-core-review	-
rsomics-remove-batch-effect	0.1.2	B	True	3	532	0	0		True	True	True	True	limma	limma	bulk-expression	rsomics-limma	product	high	merge-into:rsomics-limma	-
rsomics-rereplicate	0.1.0	B	True	3	346	0	0		True	True	True	True	vsearch	vsearch	metagenomics	rsomics-metagenomics	product	medium	merge-into:rsomics-metagenomics	-
rsomics-rich-club-coefficient	0.1.1	B	True	2	281	0	0		True	True	True	True	networkx	networkx	graph-algorithms	rsomics-graph	capability-pool	high	merge-or-core-review	-
rsomics-rna-fragment-size	0.1.0	B	True	3	395	0	0		True	True	True	True	rseqc	rseqc	transcriptomics-qc	rsomics-rnaseq-qc	product	high	merge-into:rsomics-rnaseq-qc	-
rsomics-rnaseq-metrics	0.1.0	B	True	10	1300	0	0		True	True	True	True	picard	picard	transcriptomics-qc	rsomics-rnaseq-qc	product	medium	merge-into:rsomics-rnaseq-qc	-
rsomics-robust-regression	0.1.0	B	True	8	856	0	0		True	True	True	True	scipy	scipy	statistics	rsomics-stats	capability-pool	high	merge-or-core-review	-
rsomics-roc-auc	0.1.1	B	True	8	895	0	0		True	True	True	True	scikit-learn	scikit-learn	machine-learning	rsomics-ml	capability-pool	high	merge-or-core-review	-
rsomics-rpkm-saturation	0.1.0	B	True	3	492	0	0		True	True	True	True	rseqc	rseqc	transcriptomics-qc	rsomics-rnaseq-qc	product	high	merge-into:rsomics-rnaseq-qc	-
rsomics-runstest	0.1.1	B	True	6	739	0	0		True	True	True	True	statsmodels	scipy|statsmodels	statistics	rsomics-stats	capability-pool	high	merge-or-core-review	-
rsomics-s-metric	0.1.2	B	True	2	133	0	0		True	True	True	True	networkx	networkx	graph-algorithms	rsomics-graph	capability-pool	high	merge-or-core-review	-
rsomics-sam-to-bam	0.1.1	B	True	3	168	0	0		True	True	True	False	samtools	samtools	alignment-formats	rsomics-bam	product	high	merge-into:rsomics-bam	-
rsomics-sample-sheet	0.1.1	B	True	3	176	0	0		True	True	True	False			workflow-utilities	rsomics-workflow	product	medium	merge-into:rsomics-workflow	-
rsomics-sc-cell-cycle	0.1.1	B	True	3	339	0	0		True	True	True	True	scanpy	scanpy	single-cell	rsomics-sc	product	high	merge-into:rsomics-sc	-
rsomics-sc-combat	0.1.1	B	True	3	810	0	0		True	True	True	True	scanpy	scanpy	single-cell	rsomics-sc	product	high	merge-into:rsomics-sc	-
rsomics-sc-dendrogram	0.1.2	B	True	5	891	0	0		True	True	True	True	scanpy|scipy	scanpy|scipy	single-cell	rsomics-sc	product	high	merge-into:rsomics-sc	-
rsomics-sc-diffmap	0.1.2	B	True	6	934	0	0		True	True	True	True	scanpy	scanpy|scipy	single-cell	rsomics-sc	product	high	merge-into:rsomics-sc	-
rsomics-sc-downsample	0.1.0	B	True	4	567	0	0		True	True	True	True	scanpy	scanpy|scipy	single-cell	rsomics-sc	product	high	merge-into:rsomics-sc	-
rsomics-sc-dpt	0.1.1	B	True	5	629	0	0		True	True	True	True	scanpy	scanpy	single-cell	rsomics-sc	product	high	merge-into:rsomics-sc	-
rsomics-sc-embedding-density	0.1.2	B	True	5	526	0	0		True	True	True	True	scanpy	scanpy|scipy	single-cell	rsomics-sc	product	high	merge-into:rsomics-sc	-
rsomics-sc-filter	0.1.0	B	True	4	606	0	0		True	True	False	True	scanpy	scanpy	single-cell	rsomics-sc	product	high	merge-into:rsomics-sc	-
rsomics-sc-filter-rank-genes	0.1.2	B	True	6	563	0	0		True	True	True	True	scanpy	scanpy	single-cell	rsomics-sc	product	high	merge-into:rsomics-sc	-
rsomics-sc-hvg	0.1.2	B	True	5	541	0	0		True	True	True	True	scanpy	scanpy	single-cell	rsomics-sc	product	high	merge-into:rsomics-sc	-
rsomics-sc-hvg-cellranger	0.1.2	B	True	5	663	0	0		True	True	True	True	scanpy	scanpy|statsmodels	single-cell	rsomics-sc	product	high	merge-into:rsomics-sc	-
rsomics-sc-marker-overlap	0.1.2	B	True	4	359	0	0		True	True	False	True	scanpy	scanpy	single-cell	rsomics-sc	product	high	merge-into:rsomics-sc	-
rsomics-sc-neighbors	0.1.0	B	False	6	1094	0	0		True	True	True	True	scanpy	scanpy|scipy|scikit-learn	single-cell	rsomics-sc	product	high	merge-into:rsomics-sc	-
rsomics-sc-neighbors-exact	0.1.0	B	False	6	1059	0	0		True	True	True	True	scanpy	scanpy|scipy|scikit-learn	single-cell	rsomics-sc	product	high	merge-into:rsomics-sc	-
rsomics-sc-normalize	0.1.1	B	True	3	547	0	0		True	True	True	True	scanpy	scanpy|scikit-learn	single-cell	rsomics-sc	product	high	merge-into:rsomics-sc	-
rsomics-sc-paga	0.1.2	B	True	6	987	0	0		True	True	True	True	scanpy	scanpy	single-cell	rsomics-sc	product	high	merge-into:rsomics-sc	-
rsomics-sc-pca	0.1.2	B	True	3	909	0	0		True	True	True	True	scanpy	scanpy|scikit-bio|scikit-learn	single-cell	rsomics-sc	product	high	merge-into:rsomics-sc	-
rsomics-sc-pearson-residuals	0.1.1	B	True	3	561	0	0		True	True	True	True	scanpy	scanpy	single-cell	rsomics-sc	product	high	merge-into:rsomics-sc	-
rsomics-sc-pseudobulk	0.1.1	B	True	7	720	0	0		True	True	True	True	scanpy	scanpy	single-cell	rsomics-sc	product	high	merge-into:rsomics-sc	-
rsomics-sc-qc-metrics	0.1.1	B	True	6	682	0	0		True	True	True	True	scanpy	scanpy|scipy	single-cell	rsomics-sc	product	high	merge-into:rsomics-sc	-
rsomics-sc-rank-genes	0.2.1	B	True	6	1002	0	0		True	True	True	True	scanpy	scanpy|scipy|statsmodels	single-cell	rsomics-sc	product	high	merge-into:rsomics-sc	-
rsomics-sc-regress-out	0.1.0	B	True	3	618	0	0		True	True	True	True	scanpy	scanpy|statsmodels	single-cell	rsomics-sc	product	high	merge-into:rsomics-sc	-
rsomics-sc-scale	0.1.1	B	True	3	536	0	0		True	True	True	True	scanpy	scanpy	single-cell	rsomics-sc	product	high	merge-into:rsomics-sc	-
rsomics-sc-score-genes	0.1.1	B	True	4	847	1	1	rsomics-sc	True	True	True	True	scanpy	scanpy	single-cell	rsomics-sc	product	high	merge-into:rsomics-sc	-
rsomics-sc-spatial-autocorr	0.1.1	B	True	5	630	0	0		True	True	True	True	scanpy	scanpy|scipy	single-cell	rsomics-sc	product	high	merge-into:rsomics-sc	-
rsomics-sc-subsample	0.1.0	B	True	4	584	0	0		True	True	True	True	scanpy	scanpy	single-cell	rsomics-sc	product	high	merge-into:rsomics-sc	-
rsomics-scalers	0.1.0	B	True	6	842	0	0		True	True	True	True	scikit-learn	scikit-learn	machine-learning	rsomics-ml	capability-pool	high	merge-or-core-review	-
rsomics-seacr	0.1.1	B	True	8	1353	0	0		True	True	True	True	bedtools	bedtools	intervals	rsomics-bed	product	high	merge-into:rsomics-bed	-
rsomics-seq-dist	0.1.1	B	True	7	852	0	0		True	True	True	True	scikit-bio	scikit-bio|biopython	ecology	rsomics-ecology	product	high	merge-into:rsomics-ecology	-
rsomics-seq-grep	0.1.1	B	True	8	1306	0	0		True	True	True	True	seqkit	seqkit	sequence-utilities	rsomics-seq	product	high	merge-into:rsomics-seq	-
rsomics-seq-stats	0.1.1	B	True	3	169	0	0		True	True	True	False	seqkit	seqkit	sequence-utilities	rsomics-seq	product	high	merge-into:rsomics-seq	-
rsomics-seqio	0.1.1	A	True	4	909	8	3	rsomics-bam|rsomics-fastq-preprocess|rsomics-seq	False	False	True	True	samtools|fastp	samtools|fastp	foundation	rsomics-seqio	foundation	high	keep-core-candidate	-
rsomics-seqstats	0.2.0	A	True	1	280	2	1	rsomics-seq	False	False	False	True	seqkit	seqkit	foundation	rsomics-seqstats	foundation	high	keep-core-candidate	-
rsomics-shapiro	0.1.1	B	True	6	640	0	0		True	True	True	True	scipy	scipy	statistics	rsomics-stats	capability-pool	high	merge-or-core-review	-
rsomics-sigmaclip	0.1.0	B	True	6	399	0	0		True	True	True	True	scipy	scipy	statistics	rsomics-stats	capability-pool	high	merge-or-core-review	-
rsomics-silhouette	0.1.1	B	True	7	803	0	0		True	True	True	True	scikit-learn	scipy|scikit-learn	machine-learning	rsomics-ml	capability-pool	high	merge-or-core-review	-
rsomics-somersd	0.1.0	B	True	5	752	0	0		True	True	True	True	scipy	scipy	statistics	rsomics-stats	capability-pool	high	merge-or-core-review	-
rsomics-spanning-tree	0.1.1	B	True	3	420	0	0		True	True	True	True	networkx	networkx	graph-algorithms	rsomics-graph	capability-pool	high	merge-or-core-review	-
rsomics-spearman-corr	0.1.1	B	True	6	861	0	0		True	True	True	True	scipy	scipy	statistics	rsomics-stats	capability-pool	high	merge-or-core-review	-
rsomics-square-clustering	0.1.1	B	True	2	213	0	0		True	True	True	True	networkx	networkx	graph-algorithms	rsomics-graph	capability-pool	high	merge-or-core-review	-
rsomics-square-table	0.1.1	B	True	8	951	0	0		True	True	True	True	statsmodels	scipy|statsmodels	statistics	rsomics-stats	capability-pool	high	merge-or-core-review	-
rsomics-stats	0.2.4	A	True	6	916	3	3	rsomics-bed|rsomics-stats|rsomics-vcf	False	False	False	False			foundation	rsomics-stats	foundation	high	keep-core-candidate	-
rsomics-struc-zero	0.1.2	B	True	4	539	0	0		True	True	True	True	scikit-bio	scikit-bio|biopython	ecology	rsomics-ecology	product	high	merge-into:rsomics-ecology	-
rsomics-subsample-counts	0.1.1	B	True	4	629	0	0		True	True	True	True	scikit-bio	scikit-bio|biopython	ecology	rsomics-ecology	product	high	merge-into:rsomics-ecology	-
rsomics-tabix	0.1.1	B	True	7	1693	0	0		True	True	True	True	tabix	tabix	sequence-indexing	rsomics-index	product	high	merge-into:rsomics-index	-
rsomics-tajima-d	0.1.0	B	True	3	131	0	0		True	True	True	False	vcftools	vcftools	population-genetics	rsomics-popgen	product	high	merge-into:rsomics-popgen	-
rsomics-tax-assign	0.1.1	B	True	3	215	0	0		True	True	True	False			metagenomics	rsomics-metagenomics	product	medium	merge-into:rsomics-metagenomics	-
rsomics-taxonomy	0.1.0	A	True	1	297	1	1	rsomics-metagenomics	False	False	False	False			foundation	rsomics-taxonomy	foundation	high	internalize-or-merge-review	-
rsomics-tin	0.1.1	B	True	8	960	0	0		True	True	True	True	rseqc	rseqc	transcriptomics-qc	rsomics-rnaseq-qc	product	high	merge-into:rsomics-rnaseq-qc	-
rsomics-tm-align	0.1.1	B	True	8	1162	0	0		True	True	True	True	tmalign	tmalign	protein-structure	rsomics-structure	product	high	merge-into:rsomics-structure	-
rsomics-tm-nn	0.2.0	B	True	6	1216	0	0		True	True	True	True	biopython	biopython	sequence-utilities	rsomics-seq	product	high	merge-into:rsomics-seq	-
rsomics-tmm-norm	0.1.2	B	True	3	493	0	0		True	True	True	True	edger	edger	bulk-expression	rsomics-edger	product	high	merge-into:rsomics-edger	-
rsomics-tpm	0.2.2	B	True	3	444	0	0		True	True	True	True	rseqc	rseqc	transcriptomics-qc	rsomics-rnaseq-qc	product	high	merge-into:rsomics-rnaseq-qc	-
rsomics-transcript-fasta	0.1.0	B	True	10	1519	0	0		True	True	True	True			annotation	rsomics-annotation	product	medium	merge-into:rsomics-annotation	-
rsomics-transitive	0.1.1	B	True	2	364	0	0		True	True	True	True	networkx	networkx	graph-algorithms	rsomics-graph	capability-pool	high	merge-or-core-review	-
rsomics-transitive-closure	0.1.2	B	True	2	371	0	0		True	True	True	True	networkx	networkx	graph-algorithms	rsomics-graph	capability-pool	high	merge-or-core-review	-
rsomics-tree-balance	0.1.0	B	True	3	487	0	0		True	True	True	True	dendropy	dendropy	phylogenetics	rsomics-phylo	product	high	merge-into:rsomics-phylo	-
rsomics-tree-branch-score	0.1.0	B	True	3	581	0	0		True	True	True	True	dendropy	dendropy	phylogenetics	rsomics-phylo	product	high	merge-into:rsomics-phylo	-
rsomics-tree-rfd	0.1.1	B	True	3	506	0	0		True	True	True	True	scikit-bio	scikit-bio|biopython	phylogenetics	rsomics-phylo	product	high	merge-into:rsomics-phylo	-
rsomics-tree-tipdist	0.1.2	B	True	4	532	0	0		True	True	True	True	scikit-bio	scipy|scikit-bio|biopython	phylogenetics	rsomics-phylo	product	high	merge-into:rsomics-phylo	-
rsomics-tree-wrfd	0.1.2	B	True	3	837	0	0		True	True	True	True	scikit-bio	scikit-bio|biopython	phylogenetics	rsomics-phylo	product	high	merge-into:rsomics-phylo	-
rsomics-triadic-census	0.1.1	B	True	2	408	0	0		True	True	True	True	networkx	networkx	graph-algorithms	rsomics-graph	capability-pool	high	merge-or-core-review	-
rsomics-trimmed-stats	0.1.1	B	True	7	1048	0	0		True	True	True	True	scipy	scipy	statistics	rsomics-stats	capability-pool	high	merge-or-core-review	-
rsomics-tsv-crosstab	0.1.1	B	True	5	875	0	0		True	True	True	True	datamash	datamash	tabular	rsomics-table	product	high	merge-into:rsomics-table	-
rsomics-tsv-filter	0.1.6	B	True	4	734	0	0		True	True	True	True	csvtk	csvtk	tabular	rsomics-table	product	high	merge-into:rsomics-table	-
rsomics-tsv-freq	0.1.7	B	True	3	627	0	0		True	True	True	True	csvtk	csvtk	tabular	rsomics-table	product	high	merge-into:rsomics-table	-
rsomics-tsv-grep	0.1.8	B	True	4	739	0	0		True	True	True	True	csvtk	csvtk	tabular	rsomics-table	product	high	merge-into:rsomics-table	-
rsomics-tsv-join	0.1.1	B	True	3	175	0	0		True	True	True	False	csvtk	csvtk	tabular	rsomics-table	product	high	merge-into:rsomics-table	-
rsomics-tsv-json	0.2.4	B	True	4	891	0	0		True	True	True	True	csvtk	csvtk	tabular	rsomics-table	product	high	merge-into:rsomics-table	-
rsomics-tsv-md	0.1.6	B	True	3	526	0	0		True	True	False	True	csvtk	csvtk	tabular	rsomics-table	product	high	merge-into:rsomics-table	-
rsomics-tsv-pretty	0.1.5	B	True	3	1382	0	0		True	True	False	True	csvtk	csvtk	tabular	rsomics-table	product	high	merge-into:rsomics-table	-
rsomics-tsv-rst	0.1.5	B	True	3	553	0	0		True	True	False	True	csvtk	csvtk	tabular	rsomics-table	product	high	merge-into:rsomics-table	-
rsomics-tsv-select	0.1.1	B	True	3	162	0	0		True	True	True	False	csvtk	csvtk	tabular	rsomics-table	product	high	merge-into:rsomics-table	-
rsomics-tsv-sort	0.1.7	B	True	7	1366	0	0		True	True	True	True	csvtk	csvtk	tabular	rsomics-table	product	high	merge-into:rsomics-table	-
rsomics-tsv-stats	0.1.1	B	True	6	1032	0	0		True	True	True	True	datamash	datamash	tabular	rsomics-table	product	high	merge-into:rsomics-table	-
rsomics-tsv-transpose	0.1.1	B	True	3	286	0	0		True	True	True	True	datamash	datamash	tabular	rsomics-table	product	high	merge-into:rsomics-table	-
rsomics-tsv-uniq	0.1.8	B	True	3	531	0	0		True	True	True	True	csvtk	csvtk	tabular	rsomics-table	product	high	merge-into:rsomics-table	-
rsomics-ttest	0.1.0	B	True	5	799	0	0		True	True	True	True	scipy	scipy	statistics	rsomics-stats	capability-pool	high	merge-or-core-review	-
rsomics-uniform-filter	0.1.0	B	True	2	637	0	0		True	True	True	True	scipy	scipy	statistics	rsomics-stats	capability-pool	high	merge-or-core-review	-
rsomics-unifrac	0.1.2	B	True	4	801	0	0		True	True	True	True	scikit-bio	scikit-bio|biopython	phylogenetics	rsomics-phylo	product	high	merge-into:rsomics-phylo	-
rsomics-upgma	0.1.2	B	True	4	438	0	0		True	True	True	True	scanpy|scipy|scikit-bio	scanpy|scipy|scikit-bio	phylogenetics	rsomics-phylo	product	medium	merge-into:rsomics-phylo	-
rsomics-uq-norm	0.1.2	B	True	3	382	0	0		True	True	True	True	edger	edger	bulk-expression	rsomics-edger	product	high	merge-into:rsomics-edger	-
rsomics-variation	0.1.0	B	True	5	354	0	0		True	True	True	True	scipy	scipy	statistics	rsomics-stats	capability-pool	high	merge-or-core-review	-
rsomics-vcf-af-dist	0.1.0	B	True	5	934	0	0		True	True	True	True	bcftools	samtools|bcftools	variation	rsomics-vcf	product	high	merge-into:rsomics-vcf	-
rsomics-vcf-allele-length	0.1.1	B	True	3	282	0	0		True	True	True	True	bcftools	samtools|bcftools	variation	rsomics-vcf	product	high	merge-into:rsomics-vcf	-
rsomics-vcf-annotate	0.1.3	B	True	3	304	0	0		True	True	True	False	tabix|bcftools	tabix|bcftools	variation	rsomics-vcf	product	high	merge-into:rsomics-vcf	-
rsomics-vcf-call	0.1.0	B	True	3	422	0	0		True	True	True	True	bcftools	tabix|samtools|bcftools	variation	rsomics-vcf	product	high	merge-into:rsomics-vcf	-
rsomics-vcf-cnv	0.1.0	B	True	6	1264	0	0		True	True	True	True	bcftools	samtools|bcftools	variation	rsomics-vcf	product	high	merge-into:rsomics-vcf	-
rsomics-vcf-concat	0.1.2	B	True	3	313	0	0		True	True	True	False	bcftools	bcftools	variation	rsomics-vcf	product	high	merge-into:rsomics-vcf	-
rsomics-vcf-consensus	0.1.1	B	True	3	407	0	0		True	True	True	False	bcftools	tabix|bcftools	variation	rsomics-vcf	product	high	merge-into:rsomics-vcf	-
rsomics-vcf-contrast	0.1.1	B	True	5	1210	0	0		True	True	True	True	bcftools	samtools|bcftools	variation	rsomics-vcf	product	high	merge-into:rsomics-vcf	-
rsomics-vcf-convert	0.1.1	B	True	3	526	0	0		True	True	True	True	bcftools	samtools|bcftools	variation	rsomics-vcf	product	high	merge-into:rsomics-vcf	-
rsomics-vcf-csq	0.1.1	B	True	6	1119	0	0		True	True	True	True	tabix|samtools|bcftools	tabix|samtools|bcftools	variation	rsomics-vcf	product	high	merge-into:rsomics-vcf	-
rsomics-vcf-expr	0.1.1	A	True	3	1296	2	1	rsomics-vcf	False	False	False	True	bcftools	bcftools	foundation	rsomics-vcf-expr	foundation	high	keep-core-candidate	-
rsomics-vcf-extract	0.1.2	B	True	3	466	0	0		True	True	True	True	vcftools	bcftools|vcftools	variation	rsomics-vcf	product	high	merge-into:rsomics-vcf	-
rsomics-vcf-fill-tags	0.1.2	B	True	8	1097	0	0		True	True	True	True	bcftools	samtools|bcftools	variation	rsomics-vcf	product	high	merge-into:rsomics-vcf	-
rsomics-vcf-filter	0.2.1	B	True	3	380	0	0		True	True	True	False	bcftools	bcftools	variation	rsomics-vcf	product	high	merge-into:rsomics-vcf	-
rsomics-vcf-filter-summary	0.1.3	B	True	3	356	0	0		True	True	True	True	vcftools	bcftools|vcftools	variation	rsomics-vcf	product	high	merge-into:rsomics-vcf	-
rsomics-vcf-fixref	0.1.1	B	True	9	978	0	0		True	True	True	True	bcftools	samtools|bcftools	variation	rsomics-vcf	product	high	merge-into:rsomics-vcf	-
rsomics-vcf-freq-table	0.1.2	B	True	5	598	0	0		True	True	False	True	vcftools	vcftools	variation	rsomics-vcf	product	high	merge-into:rsomics-vcf	-
rsomics-vcf-geno-r2	0.1.0	B	False	3	393	0	0		True	True	True	False	vcftools	vcftools	variation	rsomics-vcf	product	high	merge-into:rsomics-vcf	-
rsomics-vcf-gtcheck	0.1.2	B	True	4	1107	0	0		True	True	True	True	bcftools	tabix|samtools|bcftools	variation	rsomics-vcf	product	high	merge-into:rsomics-vcf	-
rsomics-vcf-hardy	0.1.1	B	True	3	780	0	0		True	True	True	True	vcftools	vcftools	population-genetics	rsomics-popgen	product	high	merge-into:rsomics-popgen	-
rsomics-vcf-head	0.2.0	B	True	5	784	0	0		True	True	True	True	bcftools	bcftools	variation	rsomics-vcf	product	high	merge-into:rsomics-vcf	-
rsomics-vcf-indel-stats	0.1.0	B	True	5	1216	0	0		True	True	True	True	bcftools	samtools|bcftools	variation	rsomics-vcf	product	high	merge-into:rsomics-vcf	-
rsomics-vcf-index	0.1.0	B	True	3	602	0	0		True	True	True	True	bcftools	tabix|bcftools	variation	rsomics-vcf	product	high	merge-into:rsomics-vcf	-
rsomics-vcf-indv-stats	0.1.3	B	True	4	811	0	0		True	True	False	True	vcftools	vcftools	variation	rsomics-vcf	product	high	merge-into:rsomics-vcf	-
rsomics-vcf-isec	0.1.2	B	True	3	193	0	0		True	True	True	False	bcftools	tabix|bcftools	variation	rsomics-vcf	product	high	merge-into:rsomics-vcf	-
rsomics-vcf-ld-prune	0.1.0	B	True	6	759	0	0		True	True	True	True	scikit-allel	scikit-allel|plink	population-genetics	rsomics-popgen	product	high	merge-into:rsomics-popgen	-
rsomics-vcf-merge	0.1.1	B	True	3	421	0	0		True	True	True	False	bcftools	tabix|bcftools	variation	rsomics-vcf	product	high	merge-into:rsomics-vcf	-
rsomics-vcf-missing-stats	0.1.2	B	True	3	355	0	0		True	True	False	True	vcftools	vcftools	variation	rsomics-vcf	product	high	merge-into:rsomics-vcf	-
rsomics-vcf-mpileup	0.1.1	B	True	7	680	0	0		True	True	True	True	bcftools	samtools|bcftools	variation	rsomics-vcf	product	high	merge-into:rsomics-vcf	-
rsomics-vcf-norm	0.1.3	B	True	3	377	0	0		True	True	True	False	bcftools	bcftools	variation	rsomics-vcf	product	high	merge-into:rsomics-vcf	-
rsomics-vcf-polysomy	0.1.0	B	True	7	996	0	0		True	True	True	True	bcftools	samtools|bcftools	variation	rsomics-vcf	product	high	merge-into:rsomics-vcf	-
rsomics-vcf-popgen	0.4.0	B	True	9	1473	0	0		True	True	True	True	scikit-allel|vcftools	scikit-allel|samtools|vcftools	variation	rsomics-vcf	product	high	merge-into:rsomics-vcf	-
rsomics-vcf-query	0.2.6	B	True	6	1339	0	0		True	True	True	True	bcftools	samtools|bcftools	variation	rsomics-vcf	product	high	merge-into:rsomics-vcf	-
rsomics-vcf-reheader	0.1.1	B	True	3	388	0	0		True	True	True	False	bcftools	bcftools	variation	rsomics-vcf	product	high	merge-into:rsomics-vcf	-
rsomics-vcf-roh	0.1.0	B	True	5	951	0	0		True	True	True	True	bcftools	samtools|bcftools	variation	rsomics-vcf	product	high	merge-into:rsomics-vcf	-
rsomics-vcf-sample	0.1.2	B	True	3	431	0	0		True	True	True	False	bcftools	bcftools	variation	rsomics-vcf	product	high	merge-into:rsomics-vcf	-
rsomics-vcf-setgt	0.2.2	B	True	7	959	0	0		True	True	True	True	bcftools	bcftools	variation	rsomics-vcf	product	high	merge-into:rsomics-vcf	-
rsomics-vcf-sfs	0.2.0	B	True	6	1366	0	0		True	True	True	True	scikit-allel	scikit-allel|samtools|macs	population-genetics	rsomics-popgen	product	high	merge-into:rsomics-popgen	-
rsomics-vcf-site-depth	0.1.2	B	True	3	428	0	0		True	True	True	True	vcftools	bcftools|vcftools	variation	rsomics-vcf	product	high	merge-into:rsomics-vcf	-
rsomics-vcf-smpl-stats	0.1.0	B	True	5	1073	0	0		True	True	True	True	bcftools	samtools|bcftools	variation	rsomics-vcf	product	high	merge-into:rsomics-vcf	-
rsomics-vcf-snp-density	0.1.3	B	True	3	313	0	0		True	True	True	True	vcftools	vcftools	variation	rsomics-vcf	product	high	merge-into:rsomics-vcf	-
rsomics-vcf-sort	0.1.3	B	True	3	298	0	0		True	True	True	False	bcftools	bcftools	variation	rsomics-vcf	product	high	merge-into:rsomics-vcf	-
rsomics-vcf-split	0.1.0	B	True	3	175	0	0		True	True	True	False	tabix|bcftools	tabix|bcftools	variation	rsomics-vcf	product	high	merge-into:rsomics-vcf	-
rsomics-vcf-split-vep	0.1.2	B	True	3	713	0	0		True	True	True	True	bcftools	samtools|bcftools	variation	rsomics-vcf	product	high	merge-into:rsomics-vcf	-
rsomics-vcf-stats	0.1.0	B	True	3	213	0	0		True	True	True	False	bcftools	bcftools	variation	rsomics-vcf	product	high	merge-into:rsomics-vcf	-
rsomics-vcf-tajima-d	0.1.1	B	True	3	450	0	0		True	True	True	True	vcftools	vcftools	population-genetics	rsomics-popgen	product	high	merge-into:rsomics-popgen	-
rsomics-vcf-to-bed	0.1.1	B	True	3	116	0	0		True	True	True	False	bcftools	bcftools	variation	rsomics-vcf	product	high	merge-into:rsomics-vcf	-
rsomics-vcf-trio-stats	0.1.1	B	True	6	1332	0	0		True	True	True	True	bcftools	samtools|bcftools	variation	rsomics-vcf	product	high	merge-into:rsomics-vcf	-
rsomics-vcf-tstv-strat	0.1.2	B	True	3	537	0	0		True	True	True	True	vcftools	bcftools|vcftools	variation	rsomics-vcf	product	high	merge-into:rsomics-vcf	-
rsomics-vcf-utils	0.1.1	B	True	34	1560	0	0		True	True	True	False	bcftools	bcftools	variation	rsomics-vcf	product	high	keep-as-consolidation-seed	-
rsomics-vcf-valfmt	0.1.1	A	True	2	317	2	1	rsomics-vcf	False	False	False	True	samtools|bcftools	samtools|bcftools	foundation	rsomics-vcf-valfmt	foundation	high	keep-core-candidate	-
rsomics-vcf-validate	0.1.0	B	True	3	199	0	0		True	True	True	False	bcftools	bcftools	variation	rsomics-vcf	product	high	merge-into:rsomics-vcf	-
rsomics-vcf-variant-distance	0.1.1	B	True	3	658	0	0		True	True	True	True	bcftools	samtools|bcftools	variation	rsomics-vcf	product	high	merge-into:rsomics-vcf	-
rsomics-vcf-view	0.2.1	B	True	3	764	0	0		True	True	True	False	bcftools	bcftools	variation	rsomics-vcf	product	high	merge-into:rsomics-vcf	-
rsomics-vcf-window-pi	0.1.1	B	True	3	516	0	0		True	True	True	True	vcftools	vcftools	population-genetics	rsomics-popgen	product	high	merge-into:rsomics-popgen	-
rsomics-vlr	0.1.2	B	True	4	661	0	0		True	True	True	True	scikit-bio	scikit-bio|biopython	ecology	rsomics-ecology	product	high	merge-into:rsomics-ecology	-
rsomics-voom	0.1.3	B	True	4	653	0	0		True	True	True	True	limma	limma	bulk-expression	rsomics-limma	product	high	merge-into:rsomics-limma	-
rsomics-voom-quality-weights	0.1.2	B	True	8	1107	0	0		True	True	True	True	limma	limma	bulk-expression	rsomics-limma	product	high	merge-into:rsomics-limma	-
rsomics-voterank	0.1.2	B	True	3	276	0	0		True	True	True	True	networkx	networkx	graph-algorithms	rsomics-graph	capability-pool	high	merge-or-core-review	-
rsomics-wasserstein	0.1.0	B	True	6	340	0	0		True	True	True	True	scipy	scipy	statistics	rsomics-stats	capability-pool	high	merge-or-core-review	-
rsomics-weighted-stats	0.1.0	B	True	8	1751	0	0		True	True	True	True	statsmodels	scipy|statsmodels	statistics	rsomics-stats	capability-pool	high	merge-or-core-review	-
rsomics-wiener-filter	0.1.0	B	True	3	297	0	0		True	True	True	True	scipy	scipy	statistics	rsomics-stats	capability-pool	high	merge-or-core-review	-
rsomics-wiener-index	0.1.2	B	True	1	125	0	0		True	True	True	True	networkx	networkx	graph-algorithms	rsomics-graph	capability-pool	high	merge-or-core-review	-
rsomics-wig-to-bed	0.1.1	B	True	3	160	0	0		True	True	True	False			epigenomics	rsomics-signal	product	medium	merge-into:rsomics-signal	-
rsomics-wilcoxon-signed-rank	0.1.1	B	True	6	1167	0	0		True	True	True	True	scipy	scipy	statistics	rsomics-stats	capability-pool	high	merge-or-core-review	-
rsomics-windowed-ld	0.1.0	B	True	7	757	0	0		True	True	True	True	scikit-allel	scikit-allel	population-genetics	rsomics-popgen	product	medium	merge-into:rsomics-popgen	-
rsomics-wl-hash	0.1.2	B	True	3	405	0	0		True	True	True	True	networkx	networkx	graph-algorithms	rsomics-graph	capability-pool	high	merge-or-core-review	-
rsomics-zscore	0.1.1	B	True	5	483	0	0		True	True	True	True	scipy	scipy	statistics	rsomics-stats	capability-pool	high	merge-or-core-review	-
